TEAM_ID,TEAM_NAME,GP,W,L,W_PCT,MIN,FGM,FGA,FG_PCT,FG3M,FG3A,FG3_PCT,FTM,FTA,FT_PCT,OREB,DREB,REB,AST,TOV,STL,BLK,BLKA,PF,PFD,PTS,PLUS_MINUS,GP_RANK,W_RANK,L_RANK,W_PCT_RANK,MIN_RANK,FGM_RANK,FGA_RANK,FG_PCT_RANK,FG3M_RANK,FG3A_RANK,FG3_PCT_RANK,FTM_RANK,FTA_RANK,FT_PCT_RANK,OREB_RANK,DREB_RANK,REB_RANK,AST_RANK,TOV_RANK,STL_RANK,BLK_RANK,BLKA_RANK,PF_RANK,PFD_RANK,PTS_RANK,PLUS_MINUS_RANK,SEASON
1611661314,Charlotte Sting,28,15,13,0.536,1120.0,719,1651,0.435,110,321,0.343,337,487,0.692,279,635,914,485,496.0,219,116,72,465,1,1885,36.0,1,4,4,4,8,3,7,3,3,6,3,8,8,6,7,2,4,1,3,8,3,1,1,6,7,6,1997
1611661315,Cleveland Rockers,28,15,13,0.536,1135.0,725,1632,0.444,65,176,0.369,450,623,0.722,266,623,889,456,526.0,257,85,95,513,4,1965,50.0,1,4,4,4,1,2,8,2,8,8,1,2,2,4,8,3,6,4,6,4,5,4,2,1,3,5,1997
1611661316,Houston Comets,28,18,10,0.643,1130.0,699,1660,0.421,169,482,0.351,441,592,0.745,317,543,860,384,493.0,308,66,101,536,4,2008,177.0,1,1,1,1,4,6,6,4,1,1,2,3,5,2,4,7,8,8,2,2,7,5,3,1,2,1,1997
1611661320,Los Angeles Sparks,28,14,14,0.5,1133.6,799,1764,0.453,74,246,0.301,400,600,0.667,287,670,957,478,511.0,255,131,77,580,2,2072,65.0,1,6,6,6,3,1,2,1,7,7,7,5,4,7,6,1,1,3,4,6,1,2,8,4,1,4,1997
1611661313,New York Liberty,28,17,11,0.607,1135.0,709,1717,0.413,93,339,0.274,402,605,0.664,320,600,920,485,536.0,289,116,87,556,1,1913,71.0,1,2,2,2,1,5,5,5,6,5,8,4,3,8,3,5,3,1,7,3,3,3,4,6,5,3,1997
1611661317,Phoenix Mercury,28,16,12,0.571,1123.6,649,1744,0.372,131,425,0.308,480,629,0.763,315,589,904,434,472.0,340,78,109,565,1,1909,95.0,1,3,3,3,7,8,3,8,2,2,5,1,1,1,5,6,5,5,1,1,6,6,5,6,6,2,1997
1611661318,Sacramento Monarchs,28,10,18,0.357,1130.0,714,1737,0.411,107,346,0.309,385,530,0.726,348,538,886,394,554.0,257,55,109,571,3,1920,-198.0,1,7,7,7,4,4,4,6,4,4,4,6,6,3,1,8,7,7,8,4,8,6,7,3,4,7,1997
1611661319,Utah Starzz,28,7,21,0.25,1130.0,667,1781,0.375,106,349,0.304,370,524,0.706,338,612,950,425,520.0,252,123,119,567,2,1810,-296.0,1,8,8,8,4,7,1,7,5,3,6,7,7,5,2,4,2,6,5,7,2,8,6,4,8,8,1997
1611661314,Charlotte Sting,30,18,12,0.6,1200.0,798,1855,0.43,105,377,0.279,442,624,0.708,304,677,981,512,457.0,273,96,108,507,2,2143,92.0,1,4,4,4,7,2,4,3,7,4,8,7,6,6,7,4,4,4,2,4,5,7,1,6,5,3,1998
1611661315,Cleveland Rockers,30,20,10,0.667,1215.0,802,1716,0.467,106,279,0.38,483,631,0.765,227,649,876,574,528.0,270,99,101,598,5,2193,83.0,1,2,2,2,1,1,10,1,6,9,1,3,4,2,10,5,10,1,8,5,4,5,4,3,3,5,1998
1611661321,Detroit Shock,30,17,13,0.567,1200.0,771,1875,0.411,97,300,0.323,448,638,0.702,345,732,1077,432,490.0,197,81,114,602,6,2087,9.0,1,6,6,6,7,7,2,8,8,7,6,5,3,7,1,1,1,8,4,10,9,9,5,2,7,6,1998
1611661316,Houston Comets,30,27,3,0.9,1215.0,795,1824,0.436,177,523,0.338,518,646,0.802,297,630,927,428,435.0,332,81,102,510,2,2285,381.0,1,1,1,1,1,4,6,2,1,1,2,1,2,1,9,6,7,9,1,1,9,6,2,6,1,1,1998
1611661320,Los Angeles Sparks,30,12,18,0.4,1205.0,797,1914,0.416,111,335,0.331,443,609,0.727,337,683,1020,472,510.0,229,148,109,675,4,2148,-21.0,1,7,7,7,6,3,1,7,5,6,3,6,7,3,2,3,2,6,6,8,2,8,10,4,4,7,1998
1611661313,New York Liberty,30,18,12,0.6,1210.0,758,1784,0.425,92,281,0.327,450,629,0.715,320,623,943,513,501.0,291,84,81,629,3,2058,92.0,1,4,4,4,4,8,7,4,9,8,4,4,5,5,4,7,5,3,5,2,8,1,7,5,8,3,1998
1611661317,Phoenix Mercury,30,19,11,0.633,1215.0,787,1856,0.424,130,405,0.321,513,709,0.724,327,614,941,543,483.0,288,86,96,595,2,2217,192.0,1,3,3,3,1,5,3,5,2,3,7,2,1,4,3,8,6,2,3,3,6,3,3,6,2,2,1998
1611661318,Sacramento Monarchs,29,7,22,0.241,1165.0,711,1754,0.405,71,276,0.257,344,519,0.663,318,587,905,449,511.0,255,101,128,615,2,1837,-180.0,9,9,8,9,9,9,8,9,10,10,10,10,10,9,5,9,8,7,7,6,3,10,6,6,10,8,1998
1611661319,Utah Starzz,30,8,22,0.267,1210.0,777,1837,0.423,113,346,0.327,425,606,0.701,302,699,1001,481,543.0,221,170,95,638,1,2092,-199.0,1,8,8,8,4,6,5,6,3,5,5,8,8,8,8,2,3,5,9,9,1,2,8,10,6,9,1998
1611661322,Washington Mystics,29,3,26,0.103,1165.0,692,1749,0.396,112,414,0.271,390,603,0.647,315,577,892,379,612.0,249,85,97,661,7,1886,-449.0,9,10,10,10,9,10,9,10,4,2,9,9,9,10,6,10,9,10,10,7,7,4,9,1,9,10,1998
1611661314,Charlotte Sting,32,15,17,0.469,1285.0,793,1805,0.439,108,369,0.293,410,535,0.766,268,685,953,568,469.0,233,97,99,560,0,2104,-38.0,1,5,5,5,7,5,10,2,9,8,10,9,9,3,12,5,9,2,5,8,7,5,1,12,9,7,1999
1611661315,Cleveland Rockers,32,7,25,0.219,1242.016667,746,1800,0.414,86,301,0.286,374,521,0.718,279,668,947,477,530.0,222,107,105,613,5,1952,-216.0,1,12,12,12,12,12,11,9,12,12,12,11,10,8,11,8,10,9,10,10,6,6,3,2,12,12,1999
1611661321,Detroit Shock,32,15,17,0.469,1295.483333,788,1965,0.401,119,332,0.358,535,763,0.701,320,673,993,461,482.0,237,96,131,723,4,2230,-62.0,1,5,5,5,2,7,3,10,8,11,2,3,2,10,6,7,6,11,6,6,8,11,11,4,5,8,1999
1611661316,Houston Comets,32,26,6,0.813,1285.0,841,1912,0.44,176,547,0.322,509,622,0.818,303,682,985,499,452.0,272,139,78,586,3,2367,297.0,1,1,1,1,7,4,6,1,2,2,6,5,8,1,9,6,7,8,2,4,2,1,2,8,3,1,1999
1611661320,Los Angeles Sparks,32,20,12,0.625,1292.15,887,2036,0.436,163,474,0.344,504,674,0.748,340,722,1062,580,482.0,236,124,98,691,4,2441,132.0,1,2,2,2,5,1,1,3,4,3,3,6,6,4,4,1,2,1,6,7,3,4,10,4,1,3,1999
1611661324,Minnesota Lynx,32,15,17,0.469,1295.0,748,1926,0.388,200,604,0.331,339,470,0.721,298,608,906,525,437.0,204,78,92,670,5,2035,-76.0,1,5,5,5,3,11,5,12,1,1,5,12,12,7,10,12,12,4,1,11,12,3,8,2,11,9,1999
1611661313,New York Liberty,32,18,14,0.563,1269.866667,784,1858,0.422,171,454,0.377,387,519,0.746,304,613,917,508,461.0,285,83,81,681,2,2126,92.0,1,4,4,4,11,8,9,8,3,6,1,10,11,6,8,11,11,6,4,3,11,2,9,9,8,4,1999
1611661323,Orlando Miracle,32,15,17,0.469,1290.0,793,1869,0.424,155,461,0.336,465,672,0.692,329,637,966,467,521.0,297,93,124,648,4,2206,-10.0,1,5,5,5,6,5,8,5,5,4,4,8,7,11,5,10,8,10,9,2,9,10,6,4,6,6,1999
1611661317,Phoenix Mercury,32,15,17,0.469,1275.483333,761,1907,0.399,134,457,0.293,511,685,0.746,342,657,999,511,459.0,228,119,108,652,2,2167,-7.0,1,5,5,5,10,9,7,11,6,5,9,4,4,5,3,9,5,5,3,9,5,7,7,9,7,5,1999
1611661318,Sacramento Monarchs,32,19,13,0.594,1280.0,849,2006,0.423,126,421,0.299,568,847,0.671,412,700,1112,500,508.0,328,123,152,614,1,2392,134.0,1,3,3,3,9,2,2,6,7,7,7,2,1,12,1,4,1,7,8,1,4,12,4,11,2,2,1999
1611661319,Utah Starzz,32,15,17,0.469,1300.0,845,1950,0.433,107,363,0.295,570,742,0.768,344,717,1061,552,560.0,240,158,117,740,6,2367,-100.0,1,5,5,5,1,3,4,4,10,9,8,1,3,2,2,2,3,3,11,5,1,8,12,1,3,10,1999
1611661322,Washington Mystics,32,12,20,0.375,1295.0,759,1794,0.423,100,345,0.29,482,679,0.71,312,701,1013,461,574.0,203,87,119,646,4,2100,-146.0,1,11,11,11,3,10,12,7,11,10,11,7,5,9,7,3,4,11,12,12,10,9,5,4,10,11,1999
1611661314,Charlotte Sting,32,8,24,0.25,1295.0,812,1903,0.427,131,386,0.339,431,577,0.747,305,630,935,551,496.0,222,90,123,713,49,2186,-243.0,1,15,15,15,2,7,4,12,9,11,6,10,11,8,9,9,10,3,7,15,12,12,15,13,9,15,2000
1611661315,Cleveland Rockers,32,17,15,0.531,1258.883333,788,1781,0.442,131,389,0.337,418,560,0.746,328,590,918,523,513.0,253,89,94,624,111,2125,80.0,1,7,7,7,16,12,14,5,9,10,7,13,15,9,5,15,12,4,10,10,13,4,6,2,14,6,2000
1611661321,Detroit Shock,32,14,18,0.438,1285.0,868,1981,0.438,76,273,0.278,519,699,0.742,341,644,985,503,530.0,260,88,148,701,74,2331,-97.0,1,10,10,10,7,3,2,8,16,15,15,4,2,10,4,8,5,7,14,8,14,16,12,5,5,12,2000
1611661316,Houston Comets,32,27,5,0.844,1295.0,891,1894,0.47,172,491,0.35,521,634,0.822,273,724,997,494,440.0,284,104,85,554,41,2475,409.0,1,2,2,2,2,1,6,1,3,3,3,3,8,1,14,3,4,10,2,2,7,2,1,15,1,1,2000
1611661325,Indiana Fever,32,9,23,0.281,1285.0,796,1838,0.433,193,521,0.37,428,569,0.752,285,647,932,501,518.0,271,126,75,641,49,2213,-77.0,1,14,14,14,7,10,8,11,2,2,1,12,12,7,12,6,11,8,11,5,5,1,8,13,7,11,2000
1611661320,Los Angeles Sparks,32,28,4,0.875,1290.0,861,1956,0.44,150,452,0.332,545,693,0.786,308,783,1091,586,466.0,271,156,105,705,62,2417,248.0,1,1,1,1,6,4,3,6,4,5,10,2,4,2,8,1,1,1,4,5,3,7,13,7,2,2,2000
1611661326,Miami Sol,32,13,19,0.406,1295.0,647,1774,0.365,85,310,0.274,452,664,0.681,365,595,960,415,524.0,272,88,118,707,57,1831,-170.0,1,12,12,12,2,16,15,16,15,14,16,7,5,15,2,13,6,15,12,4,14,11,14,11,15,14,2000
1611661324,Minnesota Lynx,32,15,17,0.469,1285.0,770,1831,0.421,204,571,0.357,448,590,0.759,258,612,870,495,497.0,237,63,130,690,135,2192,5.0,1,9,9,9,7,13,9,13,1,1,2,9,9,5,15,12,15,9,8,14,16,14,10,1,8,8,2000
1611661313,New York Liberty,32,20,12,0.625,1285.0,792,1815,0.436,135,396,0.341,429,567,0.757,288,652,940,476,474.0,246,102,94,617,62,2148,113.0,1,4,4,4,7,11,11,9,8,8,4,11,13,6,11,4,8,12,6,11,8,4,5,7,12,5,2000
1611661323,Orlando Miracle,32,16,16,0.5,1259.966667,809,1862,0.434,142,417,0.341,377,523,0.721,312,591,903,460,469.0,240,129,106,562,61,2137,-36.0,1,8,8,8,15,8,7,10,6,7,5,16,16,11,6,14,13,14,5,13,4,8,2,9,13,9,2000
1611661317,Phoenix Mercury,32,20,12,0.625,1283.916667,800,1796,0.445,122,392,0.311,513,661,0.776,275,619,894,463,429.0,284,91,91,630,84,2235,137.0,1,4,4,4,11,9,13,4,11,9,12,5,6,3,13,11,14,13,1,2,11,3,7,3,6,4,2000
1611661327,Portland Fire,32,10,22,0.313,1305.0,761,1828,0.416,145,433,0.335,488,697,0.7,309,627,936,480,593.0,265,93,130,760,78,2155,-148.0,1,13,13,13,1,14,10,14,5,6,9,6,3,12,7,10,9,11,16,7,9,14,16,4,11,13,2000
1611661318,Sacramento Monarchs,32,21,11,0.656,1280.0,876,1993,0.44,142,459,0.309,449,650,0.691,388,650,1038,567,459.0,332,157,116,571,35,2343,167.0,1,3,3,3,12,2,1,7,6,4,13,8,7,14,1,5,3,2,3,1,1,10,3,16,4,3,2000
1611661328,Seattle Storm,32,6,26,0.188,1295.0,667,1740,0.383,109,364,0.299,379,561,0.676,256,537,793,390,524.0,255,93,123,648,73,1822,-349.0,1,16,16,16,2,15,16,15,12,12,14,15,14,16,16,16,16,16,12,9,9,12,9,6,16,16,2000
1611661319,Utah Starzz,32,18,14,0.563,1280.0,858,1896,0.453,88,262,0.336,609,790,0.771,348,732,1080,522,544.0,214,157,112,698,58,2413,6.0,1,6,6,6,12,5,5,3,14,16,8,1,1,4,3,2,2,5,15,16,1,9,11,10,3,7,2000
1611661322,Washington Mystics,32,14,18,0.438,1280.0,832,1813,0.459,109,335,0.325,403,578,0.697,300,646,946,521,507.0,245,126,102,597,55,2176,-45.0,1,10,10,10,12,6,12,2,12,13,11,14,10,13,10,7,7,6,9,12,5,6,4,12,10,10,2000
1611661314,Charlotte Sting,32,18,14,0.563,1300.0,746,1780,0.419,153,428,0.357,410,528,0.777,309,639,948,467,474.0,217,114,124,605,1,2055,46.0,1,8,8,8,6,12,15,6,8,7,4,12,12,2,7,13,10,8,7,14,11,8,8,8,11,7,2001
1611661315,Cleveland Rockers,32,22,10,0.688,1285.0,763,1770,0.431,106,335,0.316,371,503,0.738,297,662,959,503,444.0,267,83,127,532,1,2003,216.0,1,2,2,2,15,8,16,4,13,13,13,13,13,10,12,8,9,6,5,7,14,10,2,8,13,2,2001
1611661321,Detroit Shock,32,10,22,0.313,1310.0,774,1914,0.404,143,405,0.353,412,542,0.76,324,621,945,469,498.0,225,82,109,602,2,2103,-166.0,1,13,13,13,2,5,4,10,9,12,5,11,10,5,6,14,11,7,12,13,15,4,6,3,7,16,2001
1611661316,Houston Comets,32,19,13,0.594,1290.0,747,1908,0.392,138,435,0.317,415,539,0.77,349,708,1057,426,437.0,251,95,120,509,2,2047,53.0,1,6,6,6,12,11,6,12,10,6,12,9,11,3,5,4,4,14,3,10,13,7,1,3,12,6,2001
1611661325,Indiana Fever,32,10,22,0.313,1295.0,762,1822,0.418,157,446,0.352,470,589,0.798,287,649,936,458,491.0,242,118,140,600,0,2151,-96.0,1,13,13,13,8,9,12,7,7,4,6,3,7,1,15,10,14,10,8,12,10,13,5,13,5,11,2001
1611661320,Los Angeles Sparks,32,28,4,0.875,1295.0,916,2031,0.451,160,436,0.367,449,594,0.756,350,755,1105,596,438.0,281,138,114,616,6,2441,275.0,1,1,1,1,8,1,1,2,5,5,3,6,6,7,4,2,1,1,4,4,4,5,10,1,1,1,2001
1611661326,Miami Sol,32,20,12,0.625,1315.0,754,1826,0.413,93,295,0.315,356,469,0.759,294,649,943,467,449.0,300,153,87,602,0,1957,59.0,1,4,4,4,1,10,11,8,15,15,14,14,16,6,14,10,12,8,6,2,3,2,6,13,14,5,2001
1611661324,Minnesota Lynx,32,12,20,0.375,1295.0,671,1810,0.371,176,552,0.319,557,725,0.768,307,694,1001,437,507.0,210,127,126,696,4,2075,-79.0,1,11,11,11,8,16,14,16,1,1,11,1,1,4,8,7,6,13,14,15,6,9,16,2,9,10,2001
1611661313,New York Liberty,32,21,11,0.656,1280.0,833,1828,0.456,160,421,0.38,336,500,0.672,255,660,915,553,436.0,265,82,76,616,0,2162,80.0,1,3,3,3,16,3,10,1,5,9,2,15,15,15,16,9,15,3,2,8,15,1,10,13,4,4,2001
1611661323,Orlando Miracle,32,13,19,0.406,1290.0,768,1912,0.402,174,531,0.328,430,587,0.733,357,612,969,451,532.0,320,124,114,643,1,2140,-65.0,1,9,9,9,12,6,5,11,2,2,8,7,8,12,2,15,8,11,16,1,9,5,15,8,6,9,2001
1611661317,Phoenix Mercury,32,13,19,0.406,1290.0,767,1894,0.405,101,313,0.323,429,587,0.731,300,642,942,514,519.0,292,138,127,625,2,2064,-105.0,1,9,9,9,12,7,7,9,14,14,9,8,8,13,10,12,13,5,15,3,4,10,13,3,10,12,2001
1611661327,Portland Fire,32,11,21,0.344,1305.0,733,1891,0.388,172,519,0.331,450,612,0.735,300,696,996,451,500.0,244,106,144,633,1,2088,-114.0,1,12,12,12,4,14,8,13,3,3,7,5,4,11,10,6,7,11,13,11,12,15,14,8,8,13,2001
1611661318,Sacramento Monarchs,32,20,12,0.625,1305.0,837,1974,0.424,163,423,0.385,457,618,0.739,374,723,1097,558,494.0,276,158,143,588,0,2294,155.0,1,4,4,4,4,2,2,5,4,8,1,4,3,9,1,3,2,2,10,5,1,14,4,13,2,3,2001
1611661328,Seattle Storm,32,10,22,0.313,1310.0,689,1821,0.378,128,412,0.311,415,606,0.685,306,585,891,412,431.0,273,127,127,605,1,1921,-127.0,1,13,13,13,2,15,13,15,11,11,15,9,5,14,9,16,16,16,1,6,6,10,8,8,16,14,2001
1611661319,Utah Starzz,32,19,13,0.594,1295.0,811,1849,0.439,78,244,0.32,507,675,0.751,295,775,1070,524,493.0,202,156,148,622,2,2207,15.0,1,6,6,6,8,4,9,3,16,16,10,2,2,8,13,1,3,4,9,16,2,16,12,3,3,8,2001
1611661322,Washington Mystics,32,10,22,0.313,1300.0,739,1915,0.386,117,418,0.28,331,502,0.659,356,699,1055,424,495.0,257,127,103,537,2,1926,-147.0,1,13,13,13,6,13,3,14,12,10,16,16,14,16,3,5,5,15,11,9,6,3,3,3,15,15,2001
1611661314,Charlotte Sting,32,18,14,0.563,1289.995,770,1790,0.43,211,527,0.4,490,663,0.739,302,653,955,496,408.0,241,105,103,647,4,2241,108.0,1,4,4,4,11,11,13,4,1,2,1,4,2,10,10,7,9,5,1,10,9,4,12,2,4,3,2002
1611661315,Cleveland Rockers,32,10,22,0.313,1302.666667,755,1810,0.417,120,373,0.322,428,549,0.78,294,668,962,478,449.0,220,83,109,564,1,2058,-68.0,1,14,14,14,3,13,12,10,11,12,12,9,12,2,14,6,7,8,4,14,16,7,3,9,14,12,2002
1611661321,Detroit Shock,32,9,23,0.281,1290.0,766,1919,0.399,110,364,0.302,472,650,0.726,360,719,1079,478,541.0,201,132,139,609,1,2114,-152.0,1,16,16,16,8,12,5,16,13,13,15,6,4,13,2,3,2,8,16,16,4,13,5,9,9,15,2002
1611661316,Houston Comets,32,24,8,0.75,1285.0,755,1778,0.425,109,332,0.328,453,585,0.774,299,702,1001,450,455.0,260,126,71,467,3,2072,180.0,1,2,2,2,13,13,14,6,14,14,10,8,7,3,12,5,5,13,6,7,5,1,1,5,13,2,2002
1611661325,Indiana Fever,32,16,16,0.5,1285.0,731,1824,0.401,180,542,0.332,455,580,0.784,314,633,947,447,438.0,268,100,145,559,0,2097,-32.0,1,8,8,8,13,15,11,15,4,1,7,7,8,1,7,11,12,14,3,4,11,15,2,14,10,9,2002
1611661320,Los Angeles Sparks,32,25,7,0.781,1295.0,891,2002,0.445,194,515,0.377,474,643,0.737,329,814,1143,583,517.0,257,161,111,664,5,2450,217.0,1,1,1,1,4,1,1,1,2,3,2,5,6,11,4,1,1,1,13,8,2,8,13,1,1,1,2002
1611661326,Miami Sol,32,15,17,0.469,1294.978333,774,1856,0.417,129,389,0.332,369,529,0.698,296,573,869,476,435.0,274,96,104,643,3,2046,-42.0,1,11,11,11,7,9,10,11,9,11,9,15,15,15,13,16,15,11,2,3,13,5,11,5,15,11,2002
1611661324,Minnesota Lynx,32,10,22,0.313,1295.0,727,1775,0.41,166,500,0.332,383,578,0.663,309,650,959,466,529.0,226,102,117,617,0,2003,-101.0,1,14,14,14,4,16,15,12,5,5,8,14,9,16,8,8,8,12,15,13,10,9,6,14,16,13,2002
1611661313,New York Liberty,32,18,14,0.563,1289.983333,772,1740,0.444,145,400,0.363,399,566,0.705,260,609,869,496,458.0,261,100,88,638,4,2088,74.0,1,4,4,4,12,10,16,2,7,8,4,13,10,14,16,14,15,5,9,6,11,2,10,2,12,5,2002
1611661323,Orlando Miracle,32,16,16,0.5,1305.0,808,1914,0.422,145,461,0.315,493,646,0.763,320,595,915,446,456.0,295,113,108,669,4,2254,-1.0,1,8,8,8,2,4,6,7,7,6,13,3,5,5,6,15,14,15,7,1,7,6,15,2,3,8,2002
1611661317,Phoenix Mercury,32,11,21,0.344,1280.0,793,1889,0.42,100,328,0.305,405,538,0.753,292,626,918,427,501.0,267,94,127,623,2,2091,-200.0,1,13,13,13,16,7,9,9,15,15,14,12,14,8,15,13,13,16,12,5,14,11,7,8,11,16,2002
1611661327,Portland Fire,32,16,16,0.5,1295.0,829,1950,0.425,127,391,0.325,410,562,0.73,307,641,948,492,493.0,239,120,139,623,0,2195,-32.0,1,8,8,8,4,3,2,5,10,10,11,11,11,12,9,10,11,7,11,11,6,13,7,14,5,9,2002
1611661318,Sacramento Monarchs,32,14,18,0.438,1315.0,780,1945,0.401,112,395,0.284,494,653,0.757,301,648,949,500,456.0,247,109,128,675,3,2166,-128.0,1,12,12,12,1,8,4,14,12,9,16,2,3,7,11,9,10,4,7,9,8,12,16,5,7,14,2002
1611661328,Seattle Storm,32,17,15,0.531,1290.0,794,1948,0.408,182,506,0.36,418,543,0.77,362,633,995,514,477.0,282,151,125,623,1,2188,85.0,1,6,6,6,8,6,3,13,3,4,6,10,13,4,1,11,6,2,10,2,3,10,7,9,6,4,2002
1611661319,Utah Starzz,32,20,12,0.625,1290.0,843,1911,0.441,89,247,0.36,643,844,0.762,347,721,1068,478,522.0,228,178,149,665,1,2418,74.0,1,3,3,3,8,2,7,3,16,16,5,1,1,6,3,2,3,8,14,12,1,16,14,9,2,5,2002
1611661322,Washington Mystics,32,17,15,0.531,1282.666667,801,1899,0.422,163,440,0.37,356,475,0.749,329,703,1032,513,453.0,220,94,101,581,1,2121,18.0,1,6,6,6,15,5,8,8,6,7,3,16,16,9,4,4,4,3,5,14,14,3,4,9,8,7,2002
1611661314,Charlotte Sting,34,18,16,0.529,1370.0,787,1881,0.418,187,517,0.362,456,590,0.773,342,629,971,499,497.0,279,115,104,697,0,2217,22.0,1,5,5,5,7,14,14,6,2,5,3,7,9,5,8,14,13,11,11,4,9,3,13,12,12,6,2003
1611661315,Cleveland Rockers,34,17,17,0.5,1365.0,815,1975,0.413,135,425,0.318,464,642,0.723,349,720,1069,517,466.0,226,86,135,639,2,2229,19.0,1,9,9,9,11,11,11,9,10,10,11,6,5,10,6,7,8,10,6,12,14,10,5,1,11,7,2003
1611661323,Connecticut Sun,34,18,16,0.529,1375.0,864,2102,0.411,177,549,0.322,479,646,0.741,333,762,1095,520,434.0,270,111,88,663,0,2384,-25.0,1,5,5,5,4,6,4,10,5,2,10,4,4,8,12,5,4,9,1,5,10,1,8,12,4,11,2003
1611661321,Detroit Shock,34,25,9,0.735,1380.0,902,2004,0.45,125,323,0.387,624,882,0.707,379,851,1230,545,608.0,263,158,129,605,1,2553,158.0,1,1,1,1,2,1,9,1,11,13,1,1,1,12,2,1,1,6,14,6,3,9,3,4,1,1,2003
1611661316,Houston Comets,34,20,14,0.588,1364.991667,828,1916,0.432,115,344,0.334,473,600,0.788,266,764,1030,465,450.0,231,129,122,490,1,2244,102.0,1,3,3,3,13,9,13,4,13,12,6,5,8,3,14,4,10,12,2,11,5,6,1,4,9,3,2003
1611661325,Indiana Fever,34,16,18,0.471,1375.0,839,2011,0.417,210,600,0.35,449,561,0.8,334,654,988,539,474.0,299,121,170,668,1,2337,16.0,1,10,10,10,4,8,8,8,1,1,4,9,11,1,11,12,12,7,9,2,8,14,10,4,6,8,2003
1611661320,Los Angeles Sparks,34,24,10,0.706,1380.0,894,2140,0.418,174,528,0.33,537,678,0.792,336,813,1149,587,470.0,242,161,127,682,1,2499,67.0,1,2,2,2,2,3,2,7,6,3,9,3,3,2,10,2,2,1,7,8,2,8,12,4,2,5,2003
1611661324,Minnesota Lynx,34,18,16,0.529,1370.0,875,1977,0.443,180,523,0.344,450,624,0.721,361,718,1079,580,558.0,241,101,126,634,2,2380,10.0,1,5,5,5,7,5,10,2,4,4,5,8,7,11,3,8,6,2,13,9,12,7,4,1,5,9,2003
1611661313,New York Liberty,34,16,18,0.471,1370.0,825,1923,0.429,181,500,0.362,410,535,0.766,271,686,957,527,470.0,262,128,96,587,0,2241,-13.0,1,10,10,10,7,10,12,5,3,7,2,12,13,6,13,11,14,8,7,7,6,2,2,12,10,10,2003
1611661317,Phoenix Mercury,34,8,26,0.235,1385.0,801,2095,0.382,116,350,0.331,379,556,0.682,357,643,1000,461,479.0,310,111,146,664,2,2097,-173.0,1,14,14,14,1,12,5,14,12,11,8,14,12,13,4,13,11,13,10,1,10,13,9,1,14,13,2003
1611661318,Sacramento Monarchs,34,19,15,0.559,1365.0,862,2107,0.409,150,473,0.317,425,626,0.679,349,718,1067,568,461.0,297,122,141,641,1,2299,83.0,1,4,4,4,11,7,3,11,9,9,12,11,6,14,6,8,9,3,3,3,7,12,6,4,8,4,2003
1611661319,San Antonio Silver Stars,34,12,22,0.353,1364.991667,792,2068,0.383,93,315,0.295,538,736,0.731,350,795,1145,428,513.0,187,167,140,728,1,2215,-212.0,1,12,12,12,13,13,6,13,14,14,14,2,2,9,5,3,3,14,12,14,1,11,14,4,13,14,2003
1611661328,Seattle Storm,34,18,16,0.529,1370.0,890,2045,0.435,166,500,0.332,442,567,0.78,342,732,1074,548,465.0,232,138,104,644,1,2388,114.0,1,5,5,5,7,4,7,3,7,7,7,10,10,4,8,6,7,5,5,10,4,3,7,4,3,2,2003
1611661322,Washington Mystics,34,9,25,0.265,1375.0,896,2191,0.409,157,505,0.311,381,507,0.751,382,703,1085,568,462.0,213,99,119,676,1,2330,-168.0,1,13,13,13,4,2,1,12,8,6,13,13,14,7,1,10,5,3,4,13,13,5,11,4,7,12,2003
1611661314,Charlotte Sting,34,16,18,0.471,1380.0,745,1744,0.427,166,459,0.362,434,588,0.738,256,616,872,426,479.0,210,134,114,648,1,2090,-76.0,1,10,10,10,2,13,13,4,5,6,5,11,11,7,13,13,13,13,4,12,5,3,7,9,13,12,2004
1611661323,Connecticut Sun,34,18,16,0.529,1380.0,876,2051,0.427,149,467,0.319,434,590,0.736,321,724,1045,572,462.0,299,96,113,610,1,2335,31.0,1,3,3,3,2,2,5,5,8,5,12,11,10,8,7,5,7,2,2,3,13,2,3,9,4,5,2004
1611661321,Detroit Shock,34,17,17,0.5,1370.0,874,2097,0.417,62,209,0.297,554,790,0.701,397,773,1170,564,513.0,277,148,131,648,4,2364,-15.0,1,7,7,7,7,3,1,10,13,13,13,1,1,13,1,2,1,3,10,5,1,9,7,2,3,6,2004
1611661316,Houston Comets,34,13,21,0.382,1370.0,798,1933,0.413,123,358,0.344,458,615,0.745,311,724,1035,451,483.0,242,107,129,555,1,2177,-34.0,1,12,12,12,7,10,9,11,10,10,9,6,7,6,9,5,8,12,5,11,11,7,1,9,11,8,2004
1611661325,Indiana Fever,34,15,19,0.441,1370.0,791,2011,0.393,166,481,0.345,449,578,0.777,396,705,1101,555,486.0,261,134,162,639,0,2197,-47.0,1,11,11,11,7,11,7,13,5,4,8,9,12,2,2,9,3,4,7,7,5,13,5,13,9,10,2004
1611661320,Los Angeles Sparks,34,25,9,0.735,1395.0,904,2069,0.437,157,414,0.379,530,722,0.734,312,809,1121,626,529.0,261,148,114,731,3,2495,134.0,1,1,1,1,1,1,4,1,7,8,2,2,2,9,8,1,2,1,12,7,1,3,12,4,1,2,2004
1611661324,Minnesota Lynx,34,18,16,0.529,1370.0,767,1900,0.404,177,542,0.327,453,639,0.709,332,724,1056,526,613.0,257,139,133,660,3,2164,-25.0,1,3,3,3,7,12,12,12,3,2,10,8,5,12,6,5,6,7,13,9,3,10,10,4,12,7,2004
1611661313,New York Liberty,34,18,16,0.529,1380.0,819,1932,0.424,216,617,0.35,398,531,0.75,263,741,1004,539,506.0,209,124,123,587,1,2252,-45.0,1,3,3,3,2,8,10,6,1,1,7,13,13,5,12,3,10,6,9,13,9,6,2,9,8,9,2004
1611661317,Phoenix Mercury,34,17,17,0.5,1365.0,826,1922,0.43,192,519,0.37,456,598,0.763,264,652,916,501,464.0,282,137,137,748,4,2300,65.0,1,7,7,7,12,7,11,3,2,3,4,7,9,4,11,11,12,9,3,4,4,11,13,2,7,4,2004
1611661318,Sacramento Monarchs,34,18,16,0.529,1380.0,874,2072,0.422,129,365,0.353,435,604,0.72,389,635,1024,519,485.0,314,118,117,641,2,2312,71.0,1,3,3,3,2,3,3,7,9,9,6,10,8,10,3,12,9,8,6,1,10,5,6,8,6,3,2004
1611661319,San Antonio Silver Stars,34,9,25,0.265,1375.0,812,1940,0.419,79,247,0.32,488,628,0.777,302,701,1003,493,513.0,272,106,129,628,3,2191,-173.0,1,13,13,13,6,9,8,8,12,12,11,4,6,1,10,10,11,10,10,6,12,7,4,4,10,13,2004
1611661328,Seattle Storm,34,20,14,0.588,1365.0,873,2025,0.431,167,439,0.38,524,676,0.775,350,709,1059,552,499.0,302,131,137,665,3,2437,173.0,1,2,2,2,12,5,6,2,4,7,1,3,3,3,4,8,5,5,8,2,7,11,11,4,2,1,2004
1611661322,Washington Mystics,34,17,17,0.5,1370.0,873,2088,0.418,105,283,0.371,474,661,0.717,337,726,1063,467,424.0,255,128,111,652,5,2325,-59.0,1,7,7,7,7,5,2,9,11,11,3,5,4,11,5,4,4,11,1,10,8,1,9,1,5,11,2004
1611661314,Charlotte Sting,34,6,28,0.176,1385.0,772,1913,0.404,104,301,0.346,447,624,0.716,316,609,925,493,535.0,284,113,146,727,1,2095,-240.0,1,13,13,13,1,12,11,11,11,11,5,11,9,10,8,13,13,9,10,3,7,11,11,9,13,12,2005
1611661323,Connecticut Sun,34,26,8,0.765,1360.0,916,2025,0.452,130,373,0.349,512,688,0.744,322,788,1110,573,452.0,236,130,79,624,4,2474,230.0,1,1,1,1,9,1,4,1,7,8,4,4,4,7,6,2,2,1,3,10,5,1,3,2,2,2,2005
1611661321,Detroit Shock,34,16,18,0.471,1385.0,831,2060,0.403,76,238,0.319,509,774,0.658,412,803,1215,474,571.0,241,155,136,761,1,2247,-40.0,1,8,8,8,1,7,2,12,12,12,12,5,1,13,1,1,1,11,13,9,3,9,13,9,9,9,2005
1611661316,Houston Comets,34,19,15,0.559,1375.0,860,1920,0.448,62,205,0.302,525,688,0.763,276,684,960,467,425.0,246,105,111,581,1,2307,46.0,1,5,5,5,6,4,10,2,13,13,13,3,4,5,10,8,10,12,1,7,10,4,1,9,7,4,2005
1611661325,Indiana Fever,34,21,13,0.618,1385.0,784,1958,0.4,150,468,0.321,451,593,0.761,341,671,1012,493,477.0,336,95,113,668,1,2169,37.0,1,3,3,3,1,11,8,13,5,5,10,10,11,6,4,12,7,9,5,1,11,6,7,9,11,5,2005
1611661320,Los Angeles Sparks,34,17,17,0.5,1360.0,873,2042,0.428,124,387,0.32,456,630,0.724,321,683,1004,551,492.0,264,136,115,737,2,2326,-19.0,1,7,7,7,9,3,3,7,9,7,11,8,8,9,7,9,8,2,6,4,4,7,12,5,5,8,2005
1611661324,Minnesota Lynx,34,14,20,0.412,1370.0,801,1946,0.412,172,492,0.35,435,599,0.726,310,715,1025,531,536.0,258,127,144,624,2,2209,-77.0,1,11,11,11,7,10,9,10,4,4,3,12,10,8,9,6,6,4,12,6,6,10,3,5,10,11,2005
1611661313,New York Liberty,34,18,16,0.529,1385.0,827,1858,0.445,208,604,0.344,452,552,0.819,242,730,972,496,462.0,214,112,86,612,3,2314,31.0,1,6,6,6,1,8,12,3,1,1,6,9,12,1,13,4,9,8,4,11,8,2,2,3,6,6,2005
1611661317,Phoenix Mercury,34,16,18,0.471,1360.0,826,1994,0.414,178,539,0.33,531,693,0.766,342,720,1062,549,517.0,243,179,112,697,0,2361,7.0,1,8,8,8,9,9,5,9,3,2,8,2,3,4,3,5,4,3,9,8,1,5,9,13,3,7,2005
1611661318,Sacramento Monarchs,34,25,9,0.735,1360.0,853,1986,0.43,129,360,0.358,494,721,0.685,369,674,1043,527,500.0,304,108,132,684,2,2329,236.0,1,2,2,2,9,5,6,6,8,9,1,7,2,12,2,11,5,5,7,2,9,8,8,5,4,1,2005
1611661319,San Antonio Silver Stars,34,7,27,0.206,1360.0,764,1832,0.417,110,339,0.324,503,652,0.771,256,690,946,433,535.0,195,90,148,650,2,2141,-260.0,1,12,12,12,9,13,13,8,10,10,9,6,7,3,12,7,11,13,10,13,12,12,5,5,12,13,2005
1611661328,Seattle Storm,34,20,14,0.588,1365.0,906,2066,0.439,142,429,0.331,544,688,0.791,323,776,1099,520,516.0,201,158,154,657,3,2498,91.0,1,4,4,4,8,2,1,4,6,6,7,1,4,2,5,3,3,6,8,12,2,13,6,3,1,3,2005
1611661322,Washington Mystics,34,16,18,0.471,1380.0,847,1968,0.43,181,510,0.355,388,546,0.711,266,677,943,517,435.0,260,76,108,697,5,2263,-42.0,1,8,8,8,5,6,7,5,2,3,2,13,13,11,11,10,12,7,2,5,13,3,9,1,8,10,2005
1611661314,Charlotte Sting,34,11,23,0.324,1365.0,864,2178,0.397,176,544,0.324,552,777,0.71,347,747,1094,527,574.0,315,155,125,734,707,2456,-115.0,1,11,12,12,7,12,9,13,5,5,11,3,1,13,6,11,11,8,14,3,1,10,13,2,11,11,2006
1611661329,Chicago Sky,34,5,29,0.147,1360.0,858,2175,0.394,157,536,0.293,449,643,0.698,357,680,1037,509,527.0,277,125,120,674,584,2322,-365.0,1,14,14,14,11,13,10,14,10,6,14,14,13,14,3,14,13,10,4,6,6,7,8,14,13,14,2006
1611661323,Connecticut Sun,34,26,8,0.765,1375.0,982,2216,0.443,174,510,0.341,545,675,0.807,342,926,1268,630,515.0,252,153,103,530,646,2683,266.0,1,1,1,1,2,3,4,4,6,8,5,4,9,1,7,1,2,1,3,8,2,3,1,8,3,1,2006
1611661321,Detroit Shock,34,23,11,0.676,1365.0,918,2219,0.414,136,414,0.329,553,746,0.741,406,880,1286,572,538.0,213,137,108,713,734,2525,143.0,1,3,3,3,7,9,3,9,13,13,10,2,2,8,2,2,1,5,8,13,3,5,11,1,7,2,2006
1611661316,Houston Comets,34,18,16,0.529,1385.0,928,2098,0.442,169,472,0.358,482,678,0.711,303,822,1125,532,566.0,252,84,89,617,705,2507,58.0,1,6,6,6,1,7,13,5,8,10,3,13,8,12,13,4,8,7,12,8,13,1,4,3,10,9,2006
1611661325,Indiana Fever,34,21,13,0.618,1370.0,873,2143,0.407,171,551,0.31,516,674,0.766,339,754,1093,501,528.0,353,92,105,606,684,2433,119.0,1,4,4,4,5,11,11,10,7,4,12,9,10,5,9,10,12,12,5,1,11,4,2,6,12,4,2006
1611661320,Los Angeles Sparks,34,25,9,0.735,1373.0,962,2195,0.438,111,377,0.294,540,726,0.744,350,852,1202,610,534.0,296,129,128,679,636,2575,99.0,1,2,2,2,4,4,7,6,14,14,13,6,4,7,5,3,3,3,7,5,4,11,9,12,5,5,2006
1611661324,Minnesota Lynx,34,10,24,0.294,1365.0,945,2211,0.427,148,419,0.353,485,681,0.712,340,804,1144,491,530.0,193,113,124,654,633,2523,-212.0,1,13,13,13,7,6,5,7,12,12,4,12,7,11,8,7,6,13,6,14,8,9,6,13,8,12,2006
1611661313,New York Liberty,33,11,22,0.333,1330.0,794,1990,0.399,204,618,0.33,492,624,0.788,274,707,981,457,559.0,246,107,128,648,642,2284,-278.0,13,11,11,11,14,14,14,12,2,2,9,11,14,3,14,13,14,14,11,10,10,11,5,10,14,13,2006
1611661317,Phoenix Mercury,33,17,16,0.515,1335.0,1046,2352,0.445,253,696,0.364,521,667,0.781,323,781,1104,619,430.0,266,121,122,716,643,2866,75.0,13,9,6,9,13,1,1,3,1,1,1,8,12,4,12,8,9,2,1,7,7,8,12,9,1,7,2006
1611661318,Sacramento Monarchs,34,21,13,0.618,1375.0,919,2190,0.42,157,461,0.341,542,741,0.731,418,720,1138,509,542.0,330,88,143,670,689,2537,133.0,1,4,4,4,2,8,8,8,10,11,6,5,3,10,1,12,7,10,10,2,12,14,7,4,6,3,2006
1611661319,San Antonio Silver Stars,34,13,21,0.382,1362.0,915,2255,0.406,189,556,0.34,504,672,0.75,354,814,1168,540,488.0,246,83,129,610,641,2523,-80.0,1,10,10,10,10,10,2,11,3,3,7,10,11,6,4,6,4,6,2,10,14,13,3,11,8,10,2006
1611661328,Seattle Storm,34,18,16,0.529,1360.0,960,2122,0.452,160,475,0.337,562,712,0.789,326,821,1147,514,570.0,232,127,115,682,683,2642,67.0,1,6,6,6,11,5,12,2,9,9,8,1,6,2,11,5,5,9,13,12,5,6,10,7,4,8,2006
1611661322,Washington Mystics,34,18,16,0.529,1370.0,1016,2199,0.462,187,522,0.358,528,715,0.738,330,770,1100,576,541.0,306,113,89,784,687,2747,90.0,1,6,6,6,5,2,6,1,4,7,2,7,5,9,10,9,10,4,9,4,8,1,14,5,2,6,2006
1611661329,Chicago Sky,34,14,20,0.412,1342.183333,893,2187,0.408,185,530,0.349,460,684,0.673,366,747,1113,579,495.0,255,107,131,610,648,2431,-93.0,1,10,10,10,11,10,7,10,7,7,8,12,7,13,5,12,11,4,2,9,10,8,1,7,12,10,2007
1611661323,Connecticut Sun,34,18,16,0.529,1357.9,981,2285,0.429,191,557,0.343,470,600,0.783,347,852,1199,609,528.0,270,152,85,621,621,2623,89.0,1,6,6,6,10,2,4,4,5,5,10,10,11,7,7,3,2,2,3,8,2,1,4,10,5,4,2007
1611661321,Detroit Shock,34,24,10,0.706,1370.0,968,2252,0.43,158,442,0.357,593,780,0.76,380,926,1306,561,564.0,226,114,117,697,763,2687,157.0,1,1,1,1,6,4,5,3,11,11,4,3,2,11,3,1,1,6,7,13,7,7,10,1,3,1,2007
1611661316,Houston Comets,34,13,21,0.382,1331.733333,898,2116,0.424,121,358,0.338,550,715,0.769,371,758,1129,546,613.0,287,109,157,641,672,2467,-97.0,1,11,11,11,13,9,12,5,13,13,11,6,5,9,4,11,9,8,13,4,8,13,6,4,10,11,2007
1611661325,Indiana Fever,34,21,13,0.618,1375.0,907,2167,0.419,188,546,0.344,478,617,0.775,341,812,1153,511,589.0,308,136,114,646,663,2480,110.0,1,3,3,3,3,8,10,7,6,6,9,9,10,8,9,5,5,11,10,2,4,5,7,6,9,3,2007
1611661320,Los Angeles Sparks,34,10,24,0.294,1380.0,936,2298,0.407,159,454,0.35,492,625,0.787,356,780,1136,552,571.0,245,106,137,731,602,2523,-175.0,1,12,12,12,1,6,3,11,10,10,7,8,9,6,6,9,7,7,8,10,11,9,12,13,7,13,2007
1611661324,Minnesota Lynx,34,10,24,0.294,1375.0,971,2355,0.412,163,496,0.329,531,674,0.788,397,785,1182,596,561.0,238,95,147,713,645,2636,-116.0,1,12,12,12,3,3,2,9,8,9,12,7,8,5,2,7,3,3,6,12,12,12,11,8,4,12,2007
1611661313,New York Liberty,34,16,18,0.471,1370.0,870,2087,0.417,243,653,0.372,430,580,0.741,287,788,1075,500,612.0,289,109,115,618,607,2413,-88.0,1,8,8,8,6,12,13,8,2,2,1,13,12,12,12,6,13,12,12,3,8,6,2,12,13,9,2007
1611661317,Phoenix Mercury,34,23,11,0.676,1370.0,1063,2419,0.439,283,802,0.353,616,754,0.817,279,873,1152,683,486.0,285,159,109,658,684,3025,121.0,1,2,2,2,6,1,1,1,1,1,5,2,3,1,13,2,6,1,1,5,1,3,9,3,1,2,2007
1611661318,Sacramento Monarchs,34,19,15,0.559,1336.016667,865,2133,0.406,150,416,0.361,554,721,0.768,443,692,1135,514,592.0,309,95,137,623,666,2434,26.0,1,5,5,5,12,13,11,12,12,12,3,5,4,10,1,13,8,10,11,1,12,9,5,5,11,7,2007
1611661319,San Antonio Silver Stars,34,20,14,0.588,1375.0,923,2176,0.424,207,566,0.366,464,577,0.804,323,764,1087,567,558.0,283,130,137,653,619,2517,33.0,1,4,4,4,3,7,8,6,4,4,2,11,13,3,11,10,12,5,5,6,6,9,8,11,8,6,2007
1611661328,Seattle Storm,34,17,17,0.5,1365.0,964,2210,0.436,224,639,0.351,582,715,0.814,344,820,1164,533,533.0,242,151,112,620,642,2734,87.0,1,7,7,7,9,5,6,2,3,3,6,4,5,2,8,4,4,9,4,11,3,4,3,9,2,5,2007
1611661322,Washington Mystics,34,16,18,0.471,1380.0,877,2170,0.404,163,528,0.309,668,839,0.796,335,783,1118,472,571.0,282,133,103,763,762,2585,-54.0,1,8,8,8,1,11,9,13,8,8,13,1,1,4,10,8,10,13,8,7,5,2,13,2,6,8,2007
1611661330,Atlanta Dream,34,4,30,0.118,1365.0,895,2258,0.396,202,598,0.338,542,725,0.748,340,737,1077,492,593.0,285,142,134,796,726,2534,-345.0,1,14,14,14,10,11,5,14,5,5,7,9,8,10,11,13,14,12,11,6,6,9,14,5,10,14,2008
1611661329,Chicago Sky,34,12,22,0.353,1374.885,898,2089,0.43,110,340,0.324,564,812,0.695,356,768,1124,546,523.0,264,147,122,638,681,2470,-38.0,1,12,12,12,7,10,13,4,14,14,10,4,3,13,8,12,10,9,5,10,5,6,3,10,13,11,2008
1611661323,Connecticut Sun,34,21,13,0.618,1370.0,965,2286,0.422,221,669,0.33,539,724,0.744,370,869,1239,607,487.0,211,97,104,629,703,2690,149.0,1,4,4,4,8,4,4,8,4,3,8,10,9,12,6,2,3,2,2,14,12,1,2,9,3,2,2008
1611661321,Detroit Shock,34,22,12,0.647,1375.0,974,2295,0.424,168,476,0.353,556,744,0.747,405,843,1248,604,496.0,278,118,119,724,761,2672,150.0,1,2,2,2,6,3,3,6,7,9,4,7,5,11,1,5,2,3,4,7,10,5,8,1,4,1,2008
1611661316,Houston Comets,34,17,17,0.5,1385.0,923,2209,0.418,152,478,0.318,562,734,0.766,374,799,1173,554,598.0,290,119,163,727,743,2560,-45.0,1,8,8,8,3,6,7,10,10,8,12,5,6,3,5,7,5,7,12,4,9,13,9,4,7,12,2008
1611661325,Indiana Fever,34,17,17,0.5,1390.0,876,2179,0.402,226,662,0.341,495,656,0.755,349,778,1127,500,585.0,324,165,130,728,659,2473,16.0,1,8,8,8,2,14,8,13,3,4,5,12,13,6,10,9,9,11,9,1,2,8,10,13,12,8,2008
1611661320,Los Angeles Sparks,34,20,14,0.588,1400.0,954,2248,0.424,151,485,0.311,539,717,0.752,386,896,1282,613,608.0,251,216,141,713,717,2598,75.0,1,5,5,5,1,5,6,7,11,7,14,10,10,7,3,1,1,1,13,11,1,11,7,6,5,5,2008
1611661324,Minnesota Lynx,34,16,18,0.471,1380.0,991,2303,0.43,133,413,0.322,652,864,0.755,353,792,1145,557,472.0,309,131,140,751,748,2767,46.0,1,10,10,10,4,2,2,2,13,13,11,1,1,5,9,8,7,6,1,3,8,10,11,3,2,6,2008
1611661313,New York Liberty,34,19,15,0.559,1380.0,912,2168,0.421,259,706,0.367,490,653,0.75,327,778,1105,551,547.0,290,117,109,655,624,2573,35.0,1,6,6,6,4,7,9,9,1,1,2,13,14,8,13,9,12,8,8,4,11,2,4,14,6,7,2008
1611661317,Phoenix Mercury,34,16,18,0.471,1365.0,1069,2485,0.43,230,701,0.328,642,773,0.831,375,851,1226,560,489.0,232,156,129,794,717,3010,1.0,1,10,10,10,10,1,1,3,2,2,9,2,4,1,4,3,4,5,3,13,3,7,13,6,1,9,2008
1611661318,Sacramento Monarchs,34,18,16,0.529,1360.0,883,2159,0.409,168,438,0.384,611,816,0.749,388,721,1109,473,586.0,319,77,206,690,759,2545,-26.0,1,7,7,7,13,13,10,12,7,12,1,3,2,9,2,14,11,14,10,2,14,14,6,2,9,10,2008
1611661319,San Antonio Silver Stars,34,24,10,0.706,1369.885,901,2080,0.433,183,539,0.34,561,694,0.808,246,847,1093,601,525.0,272,150,109,602,666,2546,128.0,1,1,1,1,9,8,14,1,6,6,6,6,11,2,14,4,13,4,6,8,4,2,1,12,8,3,2008
1611661328,Seattle Storm,34,22,12,0.647,1360.0,899,2112,0.426,143,453,0.316,552,728,0.758,340,822,1162,530,526.0,269,140,115,684,674,2493,87.0,1,2,2,2,13,9,12,5,12,11,13,8,7,4,11,6,6,10,7,9,7,4,5,11,11,4,2008
1611661322,Washington Mystics,34,10,24,0.294,1365.0,885,2131,0.415,163,460,0.354,435,659,0.66,362,770,1132,483,637.0,241,93,146,757,708,2368,-233.0,1,13,13,13,10,12,11,11,9,10,3,14,12,14,7,11,8,13,14,12,13,12,12,8,14,13,2008
1611661330,Atlanta Dream,34,18,16,0.529,1390.0,1089,2428,0.449,114,374,0.305,569,755,0.754,404,855,1259,547,590.0,329,121,133,741,700,2861,64.0,1,4,4,4,4,2,2,2,13,13,12,6,3,10,1,3,1,6,12,2,7,9,12,4,2,4,2009
1611661329,Chicago Sky,34,16,18,0.471,1365.0,930,2136,0.435,186,471,0.395,527,693,0.76,307,776,1083,532,532.0,249,138,121,605,636,2573,-120.0,1,7,7,7,13,10,12,3,7,9,1,9,9,9,10,9,11,9,6,11,4,5,3,11,10,13,2009
1611661323,Connecticut Sun,34,16,18,0.471,1395.0,966,2381,0.406,202,639,0.316,517,692,0.747,358,826,1184,608,453.0,250,130,125,677,684,2651,-3.0,1,7,7,7,2,5,3,12,6,5,11,10,10,12,6,5,5,2,1,10,5,7,6,7,5,7,2009
1611661321,Detroit Shock,34,18,16,0.529,1395.0,980,2277,0.43,153,436,0.351,539,721,0.748,373,853,1226,575,546.0,261,97,110,766,716,2652,8.0,1,4,4,4,2,3,4,5,9,10,5,8,7,11,4,4,3,5,8,8,13,1,13,2,4,6,2009
1611661325,Indiana Fever,34,22,12,0.647,1375.0,877,2192,0.4,208,628,0.331,613,746,0.822,341,769,1110,519,526.0,370,115,115,690,698,2575,92.0,1,2,2,2,8,13,9,13,5,6,9,2,5,2,7,10,8,11,5,1,11,2,7,5,9,2,2009
1611661320,Los Angeles Sparks,34,18,16,0.529,1385.0,973,2264,0.43,152,512,0.297,435,550,0.791,365,883,1248,587,568.0,217,166,115,583,622,2533,35.0,1,4,4,4,6,4,5,6,10,7,13,13,13,3,5,2,2,4,10,13,2,2,1,12,12,5,2009
1611661324,Minnesota Lynx,34,14,20,0.412,1375.0,949,2257,0.42,242,695,0.348,590,765,0.771,325,762,1087,509,513.0,301,128,140,693,694,2730,-96.0,1,11,11,11,8,6,6,10,4,3,6,3,2,8,8,13,10,12,4,4,6,10,8,6,3,12,2009
1611661313,New York Liberty,34,13,21,0.382,1380.0,900,2168,0.415,254,710,0.358,458,582,0.787,280,802,1082,526,543.0,276,121,124,637,590,2512,-23.0,1,12,12,12,7,12,11,11,3,2,3,12,12,5,13,7,12,10,7,6,7,6,4,13,13,8,2009
1611661317,Phoenix Mercury,34,23,11,0.676,1370.0,1119,2433,0.46,257,659,0.39,643,752,0.855,284,900,1184,621,496.0,221,180,141,738,669,3138,138.0,1,1,1,1,11,1,1,1,1,4,2,1,4,1,11,1,5,1,2,12,1,11,11,9,1,1,2009
1611661318,Sacramento Monarchs,34,12,22,0.353,1370.0,946,2194,0.431,132,389,0.339,586,744,0.788,391,763,1154,540,584.0,289,98,147,645,704,2610,-80.0,1,13,13,13,11,7,8,4,12,12,8,4,6,4,2,12,7,7,11,5,12,12,5,3,7,11,2009
1611661319,San Antonio Silver Stars,34,15,19,0.441,1390.0,936,2190,0.427,256,739,0.346,487,626,0.778,281,768,1049,598,509.0,257,116,120,596,643,2615,-46.0,1,10,10,10,4,8,10,8,2,1,7,11,11,7,12,11,13,3,3,9,10,4,2,10,6,10,2009
1611661328,Seattle Storm,34,20,14,0.588,1405.0,909,2116,0.43,171,486,0.352,555,707,0.785,316,788,1104,536,555.0,276,150,131,710,672,2544,68.0,1,3,3,3,1,11,13,7,8,8,4,7,8,6,9,8,9,8,9,6,3,8,9,8,11,3,2009
1611661322,Washington Mystics,34,16,18,0.471,1375.0,933,2205,0.423,139,426,0.326,580,828,0.7,388,803,1191,453,607.0,314,118,156,725,778,2585,-37.0,1,7,7,7,8,9,7,9,11,11,10,5,1,13,3,6,4,13,13,3,9,13,10,1,8,9,2009
1611661330,Atlanta Dream,34,19,15,0.559,1370.0,1087,2449,0.444,131,453,0.289,598,843,0.709,436,883,1319,666,569.0,304,141,146,709,720,2903,77.0,1,5,5,5,8,2,1,6,12,12,12,3,1,12,1,2,1,2,10,3,5,11,12,1,2,5,2010
1611661329,Chicago Sky,34,14,20,0.412,1375.0,942,2158,0.437,174,510,0.341,528,709,0.745,310,767,1077,581,497.0,284,160,120,599,640,2586,-25.0,1,8,8,8,5,11,9,9,9,10,7,7,6,10,8,9,8,8,4,5,2,5,3,8,12,8,2010
1611661323,Connecticut Sun,34,17,17,0.5,1380.0,1008,2358,0.427,213,640,0.333,525,655,0.802,357,883,1240,604,499.0,241,130,105,606,666,2754,39.0,1,6,6,6,3,3,4,10,5,3,9,8,9,4,4,2,2,6,5,11,6,2,4,6,4,6,2010
1611661325,Indiana Fever,34,21,13,0.618,1375.0,941,2147,0.438,216,591,0.365,563,720,0.782,327,779,1106,567,551.0,331,171,120,705,686,2661,143.0,1,4,4,4,5,12,10,8,4,5,3,4,5,6,7,8,7,9,9,2,1,5,11,3,7,2,2010
1611661320,Los Angeles Sparks,34,13,21,0.382,1365.0,972,2205,0.441,201,597,0.337,503,612,0.822,260,788,1048,626,496.0,244,123,97,571,622,2648,-113.0,1,10,10,10,10,7,8,7,6,4,8,9,11,2,12,7,11,5,3,10,8,1,1,10,9,10,2010
1611661324,Minnesota Lynx,34,13,21,0.382,1385.0,944,2375,0.397,169,526,0.321,618,818,0.756,394,803,1197,507,493.0,304,112,178,682,679,2675,-116.0,1,10,10,10,2,10,3,12,10,9,11,2,2,9,2,6,5,11,1,3,9,12,8,4,6,11,2010
1611661313,New York Liberty,34,22,12,0.647,1375.0,1001,2212,0.453,233,570,0.409,458,560,0.818,295,767,1062,631,494.0,278,100,130,645,552,2693,110.0,1,2,2,2,5,4,7,3,3,7,1,12,12,3,9,9,10,4,2,7,10,8,5,12,5,4,2010
1611661317,Phoenix Mercury,34,15,19,0.441,1390.0,1151,2432,0.473,252,701,0.359,638,752,0.848,295,920,1215,686,519.0,237,148,115,679,672,3192,4.0,1,7,7,7,1,1,2,1,1,1,4,1,3,1,9,1,4,1,6,12,3,4,7,5,1,7,2010
1611661319,San Antonio Silver Stars,34,14,20,0.412,1360.0,972,2110,0.461,195,587,0.332,472,619,0.763,266,757,1023,599,522.0,255,84,108,574,615,2611,-111.0,1,8,8,8,12,7,11,2,8,6,10,11,10,8,11,11,12,7,7,9,11,3,2,11,11,9,2010
1611661328,Seattle Storm,34,28,6,0.824,1380.0,992,2228,0.445,246,667,0.369,551,695,0.793,394,840,1234,636,524.0,281,128,121,704,624,2781,269.0,1,1,1,1,3,5,6,5,2,2,2,6,7,5,2,4,3,3,8,6,7,7,10,9,3,1,2010
1611661321,Tulsa Shock,34,6,28,0.176,1365.0,984,2323,0.424,198,554,0.357,486,684,0.711,344,731,1075,567,616.0,332,144,145,671,650,2652,-401.0,1,12,12,12,10,6,5,11,7,8,5,10,8,11,5,12,9,9,12,1,4,10,6,7,8,12,2010
1611661322,Washington Mystics,34,22,12,0.647,1370.0,946,2098,0.451,160,454,0.352,563,726,0.775,341,821,1162,473,589.0,277,79,135,682,689,2615,124.0,1,2,2,2,8,9,12,4,11,11,6,4,4,7,6,5,6,12,11,8,12,9,8,2,10,3,2010
1611661330,Atlanta Dream,34,20,14,0.588,1375.0,1084,2432,0.446,74,284,0.261,563,811,0.694,391,837,1228,627,511.0,317,181,183,636,693,2805,58.0,1,5,5,5,3,1,1,3,12,12,12,2,1,12,1,5,2,2,6,1,2,12,7,2,2,7,2011
1611661329,Chicago Sky,34,14,20,0.412,1370.0,943,2153,0.438,163,448,0.364,475,616,0.771,310,838,1148,567,599.0,269,185,159,618,589,2524,-32.0,1,10,10,10,6,8,9,7,11,11,5,8,7,7,6,4,5,7,12,6,1,10,6,9,9,9,2011
1611661323,Connecticut Sun,34,21,13,0.618,1385.0,1010,2384,0.424,202,557,0.363,502,658,0.763,340,869,1209,583,446.0,248,116,109,533,651,2724,112.0,1,2,2,2,1,4,2,10,6,7,6,4,4,8,5,3,3,6,3,11,9,2,1,3,4,3,2011
1611661325,Indiana Fever,34,21,13,0.618,1365.0,936,2114,0.443,223,589,0.379,548,695,0.788,295,778,1073,556,502.0,299,165,134,609,646,2643,133.0,1,2,2,2,9,9,11,5,3,5,2,3,3,5,9,9,10,8,4,2,3,7,5,4,5,2,2011
1611661320,Los Angeles Sparks,34,15,19,0.441,1380.0,973,2188,0.445,237,598,0.396,440,554,0.794,293,784,1077,617,516.0,249,115,77,575,603,2623,-108.0,1,9,9,9,2,6,7,4,2,4,1,10,10,4,10,8,8,3,7,9,10,1,2,7,7,10,2011
1611661324,Minnesota Lynx,34,27,7,0.794,1360.0,1074,2330,0.461,169,459,0.368,454,616,0.737,371,871,1242,617,439.0,249,124,121,603,613,2771,268.0,1,1,1,1,11,2,3,2,9,10,4,9,7,10,3,2,1,3,2,9,6,3,4,6,3,1,2011
1611661313,New York Liberty,34,19,15,0.559,1370.0,999,2306,0.433,197,551,0.358,389,504,0.772,358,757,1115,534,504.0,286,129,124,644,570,2584,42.0,1,6,6,6,6,5,4,8,7,8,7,12,12,6,4,10,7,10,5,3,5,4,10,11,8,8,2011
1611661317,Phoenix Mercury,34,19,15,0.559,1375.0,1062,2303,0.461,239,641,0.373,662,778,0.851,310,884,1194,652,524.0,223,132,124,681,706,3025,102.0,1,6,6,6,3,3,5,1,1,1,3,1,2,1,6,1,4,1,8,12,4,4,11,1,1,4,2011
1611661319,San Antonio Silver Stars,34,18,16,0.529,1370.0,969,2251,0.43,221,620,0.356,481,640,0.752,241,824,1065,617,434.0,286,124,143,593,630,2640,72.0,1,8,8,8,6,7,6,9,4,2,8,6,6,9,12,6,11,3,1,3,6,9,3,5,6,5,2011
1611661328,Seattle Storm,34,21,13,0.618,1360.0,892,2036,0.438,213,599,0.356,439,549,0.8,269,807,1076,545,547.0,253,117,127,643,543,2436,61.0,1,2,2,2,11,10,12,6,5,3,9,11,11,3,11,7,9,9,9,7,8,6,9,12,10,6,2011
1611661321,Tulsa Shock,34,3,31,0.088,1365.0,848,2140,0.396,167,589,0.284,490,611,0.802,303,740,1043,491,582.0,251,106,139,681,577,2353,-438.0,1,12,12,12,9,12,10,12,10,5,11,5,9,2,8,11,12,11,11,8,12,8,11,10,12,12,2011
1611661322,Washington Mystics,34,6,28,0.176,1375.0,878,2165,0.406,171,520,0.329,481,658,0.731,391,735,1126,476,576.0,282,113,167,637,601,2408,-270.0,1,11,11,11,3,11,8,11,8,9,10,6,4,11,1,12,6,12,10,5,11,11,8,8,11,11,2011
1611661330,Atlanta Dream,34,19,15,0.559,1385.0,1004,2315,0.434,144,487,0.296,520,704,0.739,349,835,1184,613,559.0,333,159,123,589,653,2672,96.0,1,6,6,6,2,5,4,5,11,11,11,4,1,9,6,5,5,3,8,1,2,5,5,1,5,6,2012
1611661329,Chicago Sky,34,14,20,0.412,1390.0,957,2221,0.431,209,615,0.34,435,596,0.73,364,824,1188,553,605.0,297,129,154,664,569,2558,-8.0,1,9,9,9,1,7,10,7,6,6,9,10,9,10,4,6,4,8,12,6,6,9,11,10,8,7,2012
1611661323,Connecticut Sun,34,25,9,0.735,1380.0,1013,2350,0.431,199,559,0.356,549,664,0.827,351,819,1170,580,493.0,271,107,110,540,635,2774,143.0,1,2,2,2,3,4,2,6,8,9,6,1,4,1,5,7,6,5,3,8,10,3,2,5,4,5,2012
1611661325,Indiana Fever,34,22,12,0.647,1370.0,930,2226,0.418,270,675,0.4,533,655,0.814,338,757,1095,563,464.0,324,146,168,570,643,2663,204.0,1,4,4,4,6,9,9,9,2,3,1,3,7,2,9,10,9,7,2,3,4,12,3,4,6,2,2012
1611661320,Los Angeles Sparks,34,24,10,0.706,1365.0,1059,2312,0.458,194,540,0.359,545,687,0.793,382,872,1254,604,550.0,303,179,104,621,606,2857,196.0,1,3,3,3,9,2,5,2,9,10,5,2,2,3,2,2,3,4,6,4,1,1,8,7,2,3,2012
1611661324,Minnesota Lynx,34,27,7,0.794,1375.0,1100,2326,0.473,226,565,0.4,497,658,0.755,380,905,1285,706,517.0,260,159,105,602,653,2923,333.0,1,1,1,1,4,1,3,1,5,8,1,6,5,7,3,1,1,1,5,9,2,2,6,1,1,1,2012
1611661313,New York Liberty,34,15,19,0.441,1360.0,968,2280,0.425,204,575,0.355,344,454,0.758,341,794,1135,532,555.0,252,142,127,574,513,2484,-141.0,1,8,8,8,12,6,8,8,7,7,7,12,12,6,7,9,7,9,7,10,5,7,4,12,10,9,2012
1611661317,Phoenix Mercury,34,7,27,0.206,1370.0,920,2395,0.384,193,655,0.295,500,657,0.761,417,855,1272,465,561.0,243,129,165,696,589,2533,-416.0,1,11,11,11,6,10,1,12,10,5,12,5,6,5,1,3,2,12,9,11,6,11,12,9,9,12,2012
1611661319,San Antonio Silver Stars,34,21,13,0.618,1370.0,1024,2301,0.445,253,675,0.375,489,631,0.775,325,803,1128,642,444.0,302,116,118,531,607,2790,174.0,1,5,5,5,6,3,7,3,3,3,4,8,8,4,11,8,8,2,1,5,9,4,1,6,3,4,2012
1611661328,Seattle Storm,34,16,18,0.471,1365.0,870,2006,0.434,238,679,0.351,443,590,0.751,228,855,1083,577,578.0,205,101,123,602,590,2421,-14.0,1,7,7,7,9,12,12,4,4,2,8,9,10,8,12,3,10,6,11,12,11,5,6,8,11,8,2012
1611661321,Tulsa Shock,34,9,25,0.265,1375.0,932,2302,0.405,271,714,0.38,491,677,0.725,331,671,1002,521,501.0,329,94,154,649,644,2626,-237.0,1,10,10,10,4,8,6,11,1,1,3,7,3,11,10,12,12,11,4,2,12,9,10,3,7,10,2012
1611661322,Washington Mystics,34,5,29,0.147,1365.0,882,2140,0.412,144,478,0.301,423,588,0.719,340,721,1061,530,571.0,293,118,128,628,541,2331,-330.0,1,12,12,12,9,11,11,10,11,12,10,11,11,12,8,11,11,10,10,7,8,8,9,11,12,11,2012
1611661330,Atlanta Dream,34,17,17,0.5,1370.0,999,2360,0.423,119,432,0.275,497,671,0.741,364,848,1212,565,515.0,347,145,130,620,587,2614,51.0,1,5,5,5,6,3,1,4,11,9,12,7,5,11,1,7,4,4,9,1,5,5,10,9,6,4,2013
1611661329,Chicago Sky,34,24,10,0.706,1365.0,964,2297,0.42,164,488,0.336,609,748,0.814,360,903,1263,518,435.0,246,225,161,568,663,2701,199.0,1,2,2,2,7,5,5,6,5,6,5,1,1,2,4,4,2,8,2,9,1,10,4,1,4,3,2013
1611661323,Connecticut Sun,34,10,24,0.294,1365.0,936,2341,0.4,141,468,0.301,402,545,0.738,347,804,1151,469,484.0,257,130,110,563,552,2415,-198.0,1,12,12,12,7,6,2,11,8,7,11,12,12,12,6,8,8,10,6,7,6,2,3,12,9,11,2013
1611661325,Indiana Fever,34,16,18,0.471,1375.0,866,2203,0.393,187,555,0.337,489,626,0.781,361,727,1088,464,451.0,326,120,171,612,604,2408,12.0,1,8,8,8,2,11,10,12,4,4,4,8,7,7,3,12,11,12,3,2,10,11,7,5,11,5,2013
1611661320,Los Angeles Sparks,34,24,10,0.706,1375.0,1078,2271,0.475,110,318,0.346,520,668,0.778,305,870,1175,639,476.0,287,166,109,617,598,2786,237.0,1,2,2,2,2,2,6,1,12,12,3,5,6,8,10,5,7,2,5,3,3,1,9,6,2,2,2013
1611661324,Minnesota Lynx,34,26,8,0.765,1365.0,1109,2341,0.474,131,359,0.365,469,594,0.79,333,922,1255,698,412.0,262,162,115,562,595,2818,318.0,1,1,1,1,7,1,2,2,9,11,1,9,9,4,9,2,3,1,1,6,4,3,2,7,1,1,2013
1611661313,New York Liberty,34,11,23,0.324,1375.0,915,2263,0.404,120,366,0.328,417,550,0.758,364,911,1275,522,564.0,201,92,153,611,558,2367,-250.0,1,10,10,10,2,9,7,9,10,10,8,10,11,9,1,3,1,7,12,12,11,8,6,11,12,12,2013
1611661317,Phoenix Mercury,34,19,15,0.559,1365.0,986,2179,0.453,163,538,0.303,575,709,0.811,265,928,1193,574,515.0,203,175,116,696,636,2710,-19.0,1,4,4,4,7,4,11,3,6,5,10,2,3,3,12,1,6,3,9,11,2,4,12,3,3,7,2013
1611661319,San Antonio Silver Stars,34,12,22,0.353,1365.0,923,2305,0.4,194,613,0.316,412,552,0.746,335,756,1091,556,455.0,281,126,154,558,578,2452,-196.0,1,9,9,9,7,8,4,10,3,2,9,11,10,10,8,11,10,5,4,4,7,9,1,10,8,10,2013
1611661328,Seattle Storm,34,17,17,0.5,1365.0,855,2029,0.421,196,590,0.332,504,615,0.82,272,758,1030,469,534.0,205,84,139,602,590,2410,-81.0,1,5,5,5,7,12,12,5,2,3,7,6,8,1,11,10,12,10,11,10,12,6,5,8,10,9,2013
1611661321,Tulsa Shock,34,11,23,0.324,1390.0,913,2252,0.405,227,679,0.334,564,718,0.786,351,765,1116,514,513.0,272,126,175,614,650,2617,-76.0,1,10,10,10,1,10,8,8,1,1,6,3,2,6,5,9,9,9,8,5,7,12,8,2,5,8,2013
1611661322,Washington Mystics,34,17,17,0.5,1375.0,929,2251,0.413,157,453,0.347,551,699,0.788,337,870,1207,541,512.0,256,123,141,634,619,2566,3.0,1,5,5,5,2,7,9,7,7,8,2,4,4,5,7,5,5,6,7,8,9,7,11,4,7,6,2013
1611661330,Atlanta Dream,34,19,15,0.559,1395.0,1038,2400,0.433,153,505,0.303,511,697,0.733,400,882,1282,659,546.0,327,148,115,659,670,2740,70.0,1,3,3,3,1,4,1,6,7,7,12,6,3,12,1,3,1,3,12,1,3,5,9,2,4,3,2014
1611661329,Chicago Sky,34,15,19,0.441,1375.0,973,2245,0.433,119,358,0.332,526,649,0.81,292,870,1162,556,488.0,244,201,171,648,626,2591,-69.0,1,8,8,8,8,8,7,5,10,10,6,4,5,3,9,6,6,8,5,8,2,11,8,6,7,9,2014
1611661323,Connecticut Sun,34,13,21,0.382,1375.0,986,2379,0.414,151,469,0.322,450,606,0.743,397,759,1156,473,502.0,273,110,141,678,615,2573,-62.0,1,10,10,10,8,6,2,12,8,8,7,10,8,11,2,10,7,12,9,4,7,9,10,7,8,8,2014
1611661325,Indiana Fever,34,16,18,0.471,1380.0,907,2168,0.418,175,506,0.346,532,705,0.755,346,751,1097,483,503.0,279,139,179,714,660,2521,-33.0,1,4,4,4,6,11,11,11,6,6,3,3,2,9,4,12,10,11,10,3,4,12,12,4,10,6,2014
1611661320,Los Angeles Sparks,34,16,18,0.471,1385.0,1043,2282,0.457,89,282,0.316,457,573,0.798,299,803,1102,631,492.0,308,116,111,585,566,2632,-7.0,1,4,4,4,3,3,6,3,12,12,9,9,10,5,7,7,9,4,6,2,6,3,4,11,6,5,2014
1611661324,Minnesota Lynx,34,25,9,0.735,1375.0,1068,2285,0.467,128,379,0.338,512,643,0.796,280,919,1199,690,419.0,241,124,140,572,630,2776,152.0,1,2,2,2,8,1,5,2,9,9,4,5,6,6,10,1,3,1,1,9,5,8,3,5,2,2,2014
1611661313,New York Liberty,34,15,19,0.441,1375.0,938,2223,0.422,103,338,0.305,474,630,0.752,311,871,1182,545,492.0,246,99,123,590,596,2453,-104.0,1,8,8,8,8,10,8,10,11,11,10,7,7,10,6,5,4,9,6,6,10,7,6,9,11,11,2014
1611661317,Phoenix Mercury,34,29,5,0.853,1383.0,1052,2172,0.484,178,508,0.35,558,687,0.812,237,909,1146,661,443.0,235,205,74,544,662,2840,320.0,1,1,1,1,4,2,10,1,4,5,2,2,4,2,11,2,8,2,3,10,1,1,1,3,1,1,2014
1611661319,San Antonio Stars,34,16,18,0.471,1380.0,985,2291,0.43,226,630,0.359,449,546,0.822,299,778,1077,621,430.0,251,97,115,569,597,2645,-60.0,1,4,4,4,6,7,4,7,1,1,1,11,11,1,7,9,11,5,2,5,11,5,2,8,5,7,2014
1611661328,Seattle Storm,34,12,22,0.353,1375.0,895,2051,0.436,201,598,0.336,419,538,0.779,216,754,970,565,498.0,225,69,114,589,559,2410,-151.0,1,11,11,11,8,12,12,4,2,3,5,12,12,7,12,11,12,7,8,12,12,4,5,12,12,12,2014
1611661321,Tulsa Shock,34,12,22,0.353,1383.0,1000,2343,0.427,183,601,0.304,577,751,0.768,397,782,1179,519,464.0,246,110,150,691,673,2760,-71.0,1,11,11,11,4,5,3,8,3,2,11,1,1,8,2,8,5,10,4,6,7,10,11,1,3,10,2014
1611661322,Washington Mystics,34,16,18,0.471,1395.0,944,2221,0.425,178,561,0.317,459,575,0.798,330,873,1203,577,525.0,234,107,92,638,596,2525,15.0,1,4,4,4,1,9,9,9,4,4,8,8,9,4,5,4,2,6,11,11,9,2,7,9,9,4,2014
1611661330,Atlanta Dream,34,15,19,0.441,1370.0,954,2320,0.411,166,519,0.32,571,725,0.788,374,803,1177,548,545.0,314,125,160,744,682,2645,-67.0,1,8,8,8,4,5,2,10,5,4,9,3,3,9,2,10,5,7,12,1,9,9,12,3,2,10,2015
1611661329,Chicago Sky,34,21,13,0.618,1375.0,1070,2398,0.446,141,431,0.327,537,650,0.826,339,906,1245,542,411.0,227,227,150,632,630,2818,138.0,1,3,3,3,3,1,1,2,9,10,5,4,5,1,3,2,2,8,1,8,2,8,8,6,1,1,2015
1611661323,Connecticut Sun,34,15,19,0.441,1390.0,969,2296,0.422,209,623,0.335,403,544,0.741,306,747,1053,536,460.0,279,107,130,654,550,2550,-55.0,1,8,8,8,1,3,4,8,1,2,3,12,10,12,6,12,11,9,7,3,11,4,9,12,7,9,2015
1611661325,Indiana Fever,34,20,14,0.588,1370.0,939,2214,0.424,182,506,0.36,581,727,0.799,329,771,1100,506,490.0,295,97,167,708,703,2641,64.0,1,4,4,4,4,7,6,7,4,5,1,2,2,6,5,11,8,11,9,2,12,10,11,2,4,6,2015
1611661320,Los Angeles Sparks,34,14,20,0.412,1370.0,959,2121,0.452,145,489,0.297,440,540,0.815,240,853,1093,621,450.0,197,140,110,608,577,2503,-32.0,1,10,10,10,4,4,11,1,8,7,11,10,11,3,11,6,10,1,6,12,6,1,3,11,9,8,2015
1611661324,Minnesota Lynx,34,22,12,0.647,1365.0,984,2233,0.441,139,419,0.332,459,562,0.817,303,896,1199,617,446.0,209,149,139,537,601,2566,127.0,1,2,2,2,10,2,5,3,10,11,4,8,9,2,7,3,4,2,4,10,4,6,2,9,5,2,2015
1611661313,New York Liberty,34,23,11,0.676,1370.0,940,2208,0.426,128,414,0.309,521,674,0.773,338,911,1249,569,497.0,250,146,131,616,633,2529,113.0,1,1,1,1,4,6,7,6,11,12,10,6,4,11,4,1,1,4,10,4,5,5,5,5,8,3,2015
1611661317,Phoenix Mercury,34,20,14,0.588,1385.0,936,2142,0.437,157,485,0.324,526,649,0.81,245,890,1135,552,438.0,248,234,122,625,612,2555,97.0,1,4,4,4,2,8,10,4,7,8,7,5,6,5,10,4,6,6,3,5,1,2,6,7,6,4,2015
1611661319,San Antonio Stars,34,8,26,0.235,1365.0,861,2206,0.39,128,434,0.295,464,597,0.777,274,834,1108,516,475.0,245,130,184,519,603,2314,-294.0,1,12,12,12,10,12,8,12,11,9,12,7,7,10,9,7,7,10,8,6,7,11,1,8,12,12,2015
1611661328,Seattle Storm,34,10,24,0.294,1360.0,898,2068,0.434,159,493,0.323,439,539,0.814,179,854,1033,569,514.0,205,114,148,609,597,2394,-192.0,1,11,11,11,12,11,12,5,6,6,8,11,12,4,12,5,12,4,11,11,10,7,4,10,11,11,2015
1611661321,Tulsa Shock,34,18,16,0.529,1370.0,907,2298,0.395,206,634,0.325,622,785,0.792,393,819,1212,480,427.0,236,127,196,663,720,2642,22.0,1,6,6,6,4,10,3,11,2,1,6,1,1,8,1,9,3,12,2,7,8,12,10,1,3,7,2015
1611661322,Washington Mystics,34,18,16,0.529,1370.0,919,2180,0.422,205,593,0.346,458,578,0.792,275,824,1099,606,448.0,226,166,125,631,637,2501,79.0,1,6,6,6,4,9,9,9,3,3,2,9,8,7,8,8,9,3,5,9,3,3,7,4,10,5,2015
1611661330,Atlanta Dream,34,17,17,0.5,1390.0,985,2334,0.422,127,442,0.287,683,909,0.751,372,868,1240,510,471.0,245,171,179,680,733,2780,-75.0,1,5,5,5,3,8,5,10,12,9,12,1,1,11,2,3,2,12,6,5,3,11,6,2,7,10,2016
1611661329,Chicago Sky,34,18,16,0.529,1377.0,1131,2449,0.462,138,375,0.368,530,638,0.831,346,866,1212,620,411.0,236,173,140,670,610,2930,21.0,1,4,4,4,8,1,1,3,10,12,2,9,10,4,5,4,4,5,1,9,2,6,5,11,1,5,2016
1611661323,Connecticut Sun,34,14,20,0.412,1392.0,1070,2437,0.439,192,623,0.308,489,684,0.715,367,792,1159,568,482.0,285,117,152,729,632,2821,-47.0,1,9,9,9,2,3,2,7,6,4,10,12,7,12,3,10,6,9,9,2,10,10,12,9,4,8,2016
1611661321,Dallas Wings,34,11,23,0.324,1390.0,955,2387,0.4,239,742,0.322,661,822,0.804,375,785,1160,521,475.0,220,120,200,701,744,2810,-190.0,1,11,11,11,3,10,3,12,3,1,8,3,2,6,1,11,5,11,7,10,9,12,10,1,6,11,2016
1611661325,Indiana Fever,34,17,17,0.5,1370.0,994,2223,0.447,174,542,0.321,574,679,0.845,290,762,1052,601,498.0,298,80,139,708,671,2736,-13.0,1,5,5,5,10,7,9,6,7,6,9,7,8,1,7,12,12,6,11,1,12,5,11,6,11,7,2016
1611661320,Los Angeles Sparks,34,26,8,0.765,1370.0,1061,2178,0.487,200,533,0.375,499,631,0.791,227,843,1070,692,463.0,273,130,90,559,623,2821,241.0,1,2,2,2,10,4,11,1,5,7,1,10,11,9,12,6,10,1,4,4,6,1,1,10,4,2,2016
1611661324,Minnesota Lynx,34,28,6,0.824,1380.0,1095,2325,0.471,137,406,0.337,590,732,0.806,328,890,1218,681,460.0,280,156,115,647,702,2917,300.0,1,1,1,1,6,2,6,2,11,11,7,5,6,5,6,2,3,2,3,3,5,4,3,3,2,1,2016
1611661313,New York Liberty,34,21,13,0.618,1395.0,1022,2355,0.434,153,422,0.363,579,745,0.777,361,950,1311,637,498.0,243,161,146,683,642,2776,27.0,1,3,3,3,1,5,4,8,8,10,3,6,4,10,4,1,1,4,11,7,4,8,7,8,8,4,2016
1611661317,Phoenix Mercury,34,16,18,0.471,1380.0,999,2204,0.453,209,610,0.343,668,795,0.84,254,846,1100,571,469.0,245,181,91,698,702,2875,44.0,1,7,7,7,6,6,10,5,4,5,6,2,3,2,10,5,8,8,5,5,1,2,9,3,3,3,2016
1611661319,San Antonio Stars,34,7,27,0.206,1375.0,903,2229,0.405,152,508,0.299,491,615,0.798,285,798,1083,551,479.0,240,129,149,685,604,2449,-279.0,1,12,12,12,9,12,8,11,9,8,11,11,12,8,8,9,9,10,8,8,7,9,8,12,12,12,2016
1611661328,Seattle Storm,34,16,18,0.471,1365.0,983,2149,0.457,244,687,0.355,538,646,0.833,231,834,1065,644,491.0,215,121,107,588,662,2748,21.0,1,7,7,7,12,9,12,4,1,2,5,8,9,3,11,7,11,3,10,11,8,3,2,7,9,5,2016
1611661322,Washington Mystics,34,13,21,0.382,1390.0,955,2257,0.423,240,670,0.358,595,744,0.8,279,834,1113,593,433.0,213,110,141,669,692,2745,-50.0,1,10,10,10,3,10,7,9,2,3,4,4,5,7,9,7,7,7,2,12,11,7,4,5,10,9,2016
1611661330,Atlanta Dream,34,12,22,0.353,1388.0,987,2413,0.409,153,525,0.291,556,729,0.763,343,850,1193,598,447.0,237,155,177,663,674,2683,-128.0,1,9,9,9,1,7,3,11,12,10,12,4,3,11,4,6,5,7,4,5,2,12,9,3,10,9,2017
1611661329,Chicago Sky,34,12,22,0.353,1385.0,1098,2380,0.461,217,579,0.375,379,482,0.786,257,891,1148,718,540.0,195,190,132,653,532,2792,-174.0,1,9,9,9,2,2,4,4,6,6,1,12,12,8,9,3,7,1,11,12,1,8,8,12,6,10,2017
1611661323,Connecticut Sun,34,21,13,0.618,1360.0,1098,2452,0.448,223,611,0.365,505,681,0.742,332,917,1249,605,425.0,261,98,133,643,642,2924,150.0,1,4,4,4,11,2,1,5,4,5,3,7,5,12,5,2,2,5,2,4,12,9,5,7,2,3,2017
1611661321,Dallas Wings,34,16,18,0.471,1380.0,979,2414,0.406,227,711,0.319,744,904,0.823,376,796,1172,532,468.0,278,126,173,687,744,2929,-90.0,1,7,7,7,3,8,2,12,3,2,9,1,1,4,1,11,6,11,7,2,7,11,11,1,1,8,2017
1611661325,Indiana Fever,34,9,25,0.265,1370.0,960,2238,0.429,154,499,0.309,478,568,0.842,244,715,959,511,461.0,223,104,111,646,620,2552,-313.0,1,11,11,11,7,11,9,7,11,11,11,10,11,2,10,12,12,12,6,7,10,3,6,8,11,12,2017
1611661320,Los Angeles Sparks,34,26,8,0.765,1378.0,1077,2247,0.479,181,531,0.341,505,613,0.824,225,842,1067,634,452.0,316,125,109,569,615,2840,283.0,1,2,2,2,4,4,8,1,9,9,5,7,9,3,11,7,10,4,5,1,8,1,2,9,4,2,2017
1611661324,Minnesota Lynx,34,27,7,0.794,1360.0,1101,2301,0.478,203,548,0.37,497,626,0.794,327,870,1197,696,481.0,274,132,109,543,644,2902,378.0,1,1,1,1,11,1,7,2,7,8,2,9,8,6,6,5,4,2,9,3,6,1,1,6,3,1,2017
1611661313,New York Liberty,34,22,12,0.647,1365.0,998,2350,0.425,192,579,0.332,522,670,0.779,365,951,1316,567,444.0,207,133,130,671,611,2710,106.0,1,3,3,3,10,6,5,9,8,6,8,5,6,9,2,1,1,9,3,11,5,7,10,10,9,4,2017
1611661317,Phoenix Mercury,34,18,16,0.529,1375.0,973,2209,0.44,221,651,0.339,617,783,0.788,259,832,1091,599,478.0,217,153,116,730,741,2784,0.0,1,5,5,5,5,9,11,6,5,4,6,2,2,7,8,9,9,6,8,9,4,5,12,2,7,6,2017
1611661319,San Antonio Stars,34,8,26,0.235,1370.0,956,2230,0.429,162,486,0.333,455,592,0.769,314,818,1132,594,558.0,229,103,163,650,561,2529,-237.0,1,12,12,12,7,12,10,8,10,12,7,11,10,10,7,10,8,8,12,6,11,10,7,11,12,11,2017
1611661328,Seattle Storm,34,15,19,0.441,1375.0,1025,2168,0.473,247,681,0.363,511,633,0.807,216,838,1054,686,485.0,221,109,113,615,646,2808,0.0,1,8,8,8,5,5,12,3,1,3,4,6,7,5,12,8,11,3,10,8,9,4,3,5,5,6,2017
1611661322,Washington Mystics,34,18,16,0.529,1370.0,967,2323,0.416,232,732,0.317,613,727,0.843,349,886,1235,556,412.0,214,155,117,625,664,2779,25.0,1,5,5,5,7,10,6,10,2,1,10,3,4,1,3,4,3,10,1,10,2,6,4,4,8,5,2017
1611661330,Atlanta Dream,34,23,11,0.676,1360.0,1016,2383,0.426,199,626,0.318,551,739,0.746,332,885,1217,618,456.0,259,180,138,620,669,2782,78.0,1,2,2,2,6,8,3,11,9,8,10,4,3,12,3,5,3,9,5,3,1,9,6,3,8,5,2018
1611661329,Chicago Sky,34,13,21,0.382,1380.0,1055,2330,0.453,244,671,0.364,494,619,0.798,278,846,1124,721,522.0,227,132,161,629,604,2848,-215.0,1,10,10,10,1,3,7,4,5,7,3,6,5,6,10,9,8,1,12,8,5,11,7,5,5,10,2018
1611661323,Connecticut Sun,34,21,13,0.618,1360.0,1144,2455,0.466,258,703,0.367,433,579,0.748,375,879,1254,666,458.0,244,101,127,661,600,2979,202.0,1,3,4,4,6,1,1,2,4,6,2,10,8,11,1,6,1,5,7,4,8,7,11,6,1,2,2018
1611661321,Dallas Wings,34,15,19,0.441,1360.0,1037,2349,0.441,229,752,0.305,643,813,0.791,359,886,1245,614,481.0,228,158,146,631,699,2946,44.0,1,8,8,8,6,4,4,9,6,4,12,1,1,7,2,4,2,10,9,7,3,10,8,2,3,7,2018
1611661325,Indiana Fever,34,6,28,0.176,1380.0,981,2414,0.406,192,591,0.325,443,547,0.81,304,819,1123,544,412.0,218,92,134,634,581,2597,-316.0,1,12,12,12,1,12,2,12,10,9,9,8,10,4,5,10,9,12,3,10,12,8,9,8,12,12,2018
1611661319,Las Vegas Aces,33,14,19,0.424,1325.0,1032,2334,0.442,125,361,0.346,597,774,0.771,310,906,1216,668,422.0,208,128,172,584,662,2786,-85.0,11,9,8,9,11,5,6,8,12,12,7,2,2,9,4,2,4,4,4,11,6,12,4,4,7,9,2018
1611661320,Los Angeles Sparks,34,19,15,0.559,1365.0,1026,2268,0.452,204,588,0.347,427,527,0.81,245,819,1064,623,411.0,270,96,91,558,567,2683,65.0,1,6,6,6,5,7,10,5,8,10,6,11,12,3,11,10,12,8,2,1,10,1,1,11,10,6,2018
1611661324,Minnesota Lynx,34,18,16,0.529,1360.0,1032,2290,0.451,183,529,0.346,437,561,0.779,304,895,1199,666,483.0,235,100,119,563,590,2684,23.0,1,7,7,7,6,5,9,6,11,11,8,9,9,8,5,3,6,5,10,6,9,5,3,7,9,8,2018
1611661313,New York Liberty,34,7,27,0.206,1370.0,1001,2315,0.432,226,713,0.317,413,541,0.763,294,867,1161,662,499.0,224,93,119,703,577,2641,-243.0,1,11,11,11,3,11,8,10,7,5,11,12,11,10,7,7,7,7,11,9,11,5,12,10,11,11,2018
1611661317,Phoenix Mercury,34,20,14,0.588,1360.0,1016,2221,0.457,288,799,0.36,596,702,0.849,245,864,1109,700,462.0,198,160,106,641,706,2916,86.0,1,5,5,5,6,8,12,3,2,2,4,3,4,2,11,8,10,3,8,12,2,3,10,1,4,4,2018
1611661328,Seattle Storm,34,26,8,0.765,1370.0,1093,2335,0.468,307,816,0.376,473,586,0.807,284,920,1204,721,456.0,266,149,110,559,553,2966,257.0,1,1,1,1,3,2,5,1,1,1,1,7,6,5,8,1,5,1,5,2,4,4,2,12,2,1,2018
1611661322,Washington Mystics,33,21,12,0.636,1320.0,1006,2244,0.448,277,773,0.358,500,583,0.858,284,792,1076,587,401.0,236,127,93,606,579,2789,104.0,11,3,3,3,12,10,11,7,3,3,5,5,7,1,8,12,11,11,1,5,7,2,5,9,6,3,2018
1611661330,Atlanta Dream,34,8,26,0.235,1365.0,872,2352,0.371,217,748,0.29,460,612,0.752,336,892,1228,533,491.0,224,184,170,598,633,2421,-260.0,1,12,12,12,3,12,7,12,8,2,12,6,4,11,3,3,4,11,6,10,1,11,8,3,12,12,2019
1611661329,Chicago Sky,34,20,14,0.588,1365.0,1066,2380,0.448,247,735,0.336,497,607,0.819,279,958,1237,733,519.0,230,152,141,601,602,2876,44.0,1,5,5,5,3,2,4,3,3,3,7,3,5,4,11,2,3,2,9,9,4,6,9,4,2,6,2019
1611661323,Connecticut Sun,34,23,11,0.676,1365.0,1026,2423,0.423,254,713,0.356,441,627,0.703,370,880,1250,655,481.0,303,133,144,593,594,2747,98.0,1,2,2,2,3,5,1,7,2,5,3,9,2,12,1,5,2,6,4,2,6,7,6,6,4,3,2019
1611661321,Dallas Wings,34,10,24,0.294,1360.0,880,2265,0.389,216,662,0.326,458,565,0.811,356,797,1153,518,496.0,248,129,134,659,546,2434,-197.0,1,10,10,10,9,11,10,11,9,9,10,7,8,5,2,11,9,12,8,6,9,5,11,11,11,10,2019
1611661325,Indiana Fever,34,13,21,0.382,1370.0,985,2333,0.422,197,569,0.346,471,593,0.794,305,889,1194,589,473.0,213,126,122,593,598,2638,-92.0,1,9,9,9,1,7,8,8,10,11,4,5,6,6,8,4,5,10,3,11,11,3,6,5,7,9,2019
1611661319,Las Vegas Aces,34,21,13,0.618,1370.0,1020,2389,0.427,187,509,0.367,568,731,0.777,312,1007,1319,711,495.0,240,154,201,574,654,2795,116.0,1,4,4,4,1,6,2,5,12,12,1,1,1,10,4,1,1,3,7,7,3,12,5,2,3,2,2019
1611661320,Los Angeles Sparks,34,22,12,0.647,1365.0,1031,2388,0.432,242,710,0.341,418,499,0.838,294,870,1164,634,488.0,278,129,154,615,563,2722,96.0,1,3,3,3,3,3,3,4,4,6,5,10,12,3,9,7,7,7,5,4,9,10,10,10,5,4,2019
1611661324,Minnesota Lynx,34,18,16,0.529,1360.0,1029,2280,0.451,197,594,0.332,410,525,0.781,306,849,1155,689,552.0,287,132,144,562,581,2665,84.0,1,6,6,6,9,4,9,2,10,10,9,11,10,9,7,9,8,4,12,3,7,7,3,8,6,5,2019
1611661313,New York Liberty,34,10,24,0.294,1360.0,977,2358,0.414,222,665,0.334,456,579,0.788,308,867,1175,667,524.0,231,125,148,712,576,2632,-249.0,1,10,10,10,9,8,6,10,7,8,8,8,7,8,6,8,6,5,10,8,12,9,12,9,8,11,2019
1611661317,Phoenix Mercury,34,15,19,0.441,1365.0,925,2184,0.424,223,686,0.325,528,624,0.846,226,878,1104,608,448.0,202,150,117,568,658,2601,-38.0,1,8,8,8,3,10,12,6,6,7,11,2,3,2,12,6,11,8,2,12,5,2,4,1,9,8,2019
1611661328,Seattle Storm,34,18,16,0.529,1360.0,946,2251,0.42,241,717,0.336,410,518,0.792,309,779,1088,601,534.0,323,132,129,529,545,2543,-10.0,1,6,6,6,9,9,11,9,5,4,6,11,11,7,5,12,12,9,11,1,7,4,2,12,10,7,2019
1611661322,Washington Mystics,34,26,8,0.765,1365.0,1115,2375,0.469,316,864,0.366,489,559,0.875,285,848,1133,746,401.0,260,158,100,528,583,3035,408.0,1,1,1,1,3,1,5,1,1,1,2,4,9,1,10,10,10,1,1,5,2,1,1,7,1,1,2019
1611661330,Atlanta Dream,22,7,15,0.318,885.0,691,1563,0.442,130,371,0.35,269,355,0.758,199,568,767,371,327.0,151,73,84,408,368,1781,-147.0,1,10,10,10,3,5,1,7,10,11,6,11,10,11,3,6,4,10,7,9,5,9,8,9,9,10,2020
1611661329,Chicago Sky,22,12,10,0.545,880.0,737,1500,0.491,167,476,0.351,267,327,0.817,161,578,739,480,344.0,164,89,72,396,359,1908,58.0,1,6,6,6,7,1,6,1,6,5,5,12,12,7,10,5,9,2,10,8,3,5,6,12,3,5,2020
1611661323,Connecticut Sun,22,10,12,0.455,885.0,653,1530,0.427,130,417,0.312,332,440,0.755,220,561,781,403,309.0,202,69,81,413,399,1768,10.0,1,7,7,7,3,8,3,10,10,9,11,7,3,12,1,7,3,9,5,2,8,8,9,6,10,7,2020
1611661321,Dallas Wings,22,8,14,0.364,890.0,648,1562,0.415,196,607,0.323,343,421,0.815,198,522,720,344,272.0,180,70,74,433,387,1835,-78.0,1,9,9,9,1,10,2,11,1,1,10,4,5,9,4,12,10,11,1,5,6,6,11,7,7,9,2020
1611661325,Indiana Fever,22,6,16,0.273,880.0,648,1467,0.442,152,440,0.345,349,426,0.819,197,544,741,422,349.0,112,70,77,390,409,1797,-173.0,1,11,11,11,7,10,11,8,9,8,7,3,4,4,5,9,8,8,11,12,6,7,5,3,8,11,2020
1611661319,Las Vegas Aces,22,18,4,0.818,880.0,720,1512,0.476,93,254,0.366,419,514,0.815,179,644,823,457,276.0,172,66,104,331,454,1952,189.0,1,1,1,1,7,2,4,3,12,12,4,1,1,8,6,1,1,3,2,7,9,11,1,1,1,2,2020
1611661320,Los Angeles Sparks,22,15,7,0.682,885.0,708,1473,0.481,159,399,0.398,293,370,0.792,140,551,691,440,317.0,197,66,51,403,402,1868,101.0,1,3,3,3,3,3,10,2,8,10,1,9,9,10,12,8,12,5,6,3,9,1,7,4,5,3,2020
1611661324,Minnesota Lynx,22,14,8,0.636,880.0,673,1475,0.456,182,473,0.385,329,402,0.818,218,538,756,435,327.0,185,66,85,372,386,1857,84.0,1,4,4,4,7,6,8,5,5,6,3,8,8,5,2,10,6,6,7,4,9,10,3,8,6,4,2020
1611661313,New York Liberty,22,2,20,0.091,880.0,540,1451,0.372,167,602,0.277,334,406,0.823,175,612,787,327,392.0,139,94,104,420,401,1581,-308.0,1,12,12,12,7,12,12,12,6,2,12,6,7,3,7,2,2,12,12,11,2,11,10,5,12,12,2020
1611661317,Phoenix Mercury,22,13,9,0.591,885.0,664,1475,0.45,185,540,0.343,382,463,0.825,165,582,747,448,334.0,149,123,67,434,442,1895,44.0,1,5,5,5,3,7,8,6,2,3,8,2,2,1,9,4,7,4,9,10,1,4,12,2,4,6,2020
1611661328,Seattle Storm,22,18,4,0.818,880.0,701,1491,0.47,185,470,0.394,339,415,0.817,167,590,757,482,308.0,221,89,63,364,362,1926,254.0,1,1,1,1,7,4,7,4,2,7,2,5,6,6,8,3,5,1,4,1,3,3,2,11,2,1,2020
1611661322,Washington Mystics,22,9,13,0.409,890.0,652,1507,0.433,183,536,0.341,273,331,0.825,161,532,693,434,301.0,173,49,62,373,368,1760,-34.0,1,8,8,8,1,9,5,9,4,4,9,10,11,2,10,11,11,7,3,6,12,2,4,9,11,8,2020
1611661330,Atlanta Dream,32,8,24,0.25,1290.0,980,2352,0.417,196,632,0.31,362,503,0.72,311,782,1093,558,382.0,285,149,126,588,521,2518,-180.0,1,11,11,11,4,5,1,9,10,9,11,12,10,12,2,11,9,9,2,1,2,5,9,11,9,10,2021
1611661329,Chicago Sky,32,16,16,0.5,1300.0,986,2236,0.441,233,679,0.343,459,543,0.845,265,854,1119,697,465.0,224,145,158,609,532,2664,42.0,1,6,6,6,2,3,4,6,6,6,7,5,7,1,5,7,6,1,8,5,4,11,11,10,3,6,2021
1611661323,Connecticut Sun,32,26,6,0.813,1290.0,933,2100,0.444,223,625,0.357,462,566,0.816,311,860,1171,575,484.0,251,115,148,570,576,2551,314.0,1,1,1,1,4,8,12,5,7,10,4,4,3,6,2,6,2,8,11,3,11,10,7,4,8,1,2021
1611661321,Dallas Wings,32,14,18,0.438,1290.0,949,2262,0.42,262,740,0.354,436,526,0.829,320,836,1156,557,443.0,219,124,165,589,504,2596,-17.0,1,7,7,7,4,6,2,8,4,3,5,8,9,4,1,8,4,10,6,7,8,12,10,12,6,7,2021
1611661325,Indiana Fever,32,6,26,0.188,1280.0,909,2183,0.416,157,552,0.284,435,544,0.8,307,792,1099,534,480.0,200,121,138,568,576,2410,-314.0,1,12,12,12,12,9,7,10,12,11,12,9,6,9,4,10,8,11,10,10,10,9,6,4,11,12,2021
1611661319,Las Vegas Aces,32,24,8,0.75,1295.0,1060,2248,0.472,162,432,0.375,574,701,0.819,236,1001,1237,668,376.0,216,147,119,455,603,2856,290.0,1,2,2,2,3,1,3,1,11,12,2,1,1,5,8,1,1,3,1,9,3,4,1,1,1,2,2021
1611661320,Los Angeles Sparks,32,12,20,0.375,1290.0,865,2107,0.411,216,645,0.335,382,499,0.766,194,741,935,494,445.0,266,135,128,618,591,2328,-139.0,1,8,8,8,4,12,10,11,8,7,9,10,11,11,12,12,12,12,7,2,5,6,12,2,12,9,2021
1611661324,Minnesota Lynx,32,22,10,0.688,1290.0,982,2146,0.458,216,635,0.34,467,558,0.837,233,885,1118,653,467.0,217,131,134,561,559,2647,128.0,1,3,3,3,4,4,8,2,8,8,8,3,4,3,9,4,7,4,9,8,7,7,5,6,4,4,2021
1611661313,New York Liberty,32,12,20,0.375,1285.0,904,2115,0.427,321,887,0.362,382,470,0.813,199,868,1067,615,542.0,195,122,135,572,549,2511,-225.0,1,8,8,8,10,11,9,7,1,1,3,10,12,7,11,5,10,6,12,11,9,8,8,8,10,11,2021
1611661317,Phoenix Mercury,32,19,13,0.594,1290.0,945,2102,0.45,241,697,0.346,495,620,0.798,255,903,1158,631,439.0,152,167,109,521,583,2626,82.0,1,5,5,5,4,7,11,4,5,5,6,2,2,10,7,3,3,5,5,12,1,1,3,3,5,5,2021
1611661328,Seattle Storm,32,21,11,0.656,1305.0,992,2203,0.45,275,725,0.379,455,542,0.839,229,909,1138,682,413.0,244,135,116,497,548,2714,142.0,1,4,4,4,1,2,6,3,3,4,1,6,8,2,10,2,5,2,4,4,5,3,2,9,2,3,2021
1611661322,Washington Mystics,32,12,20,0.375,1285.0,908,2215,0.41,288,878,0.328,449,556,0.808,260,805,1065,596,412.0,222,99,114,551,557,2553,-123.0,1,8,8,8,10,10,5,12,2,2,10,7,5,8,6,9,11,7,3,6,12,2,4,7,7,8,2021
1611661330,Atlanta Dream,36,14,22,0.389,1450.0,1035,2463,0.42,271,771,0.351,485,624,0.777,311,966,1277,632,581.0,280,112,169,702,644,2826,-108.0,1,9,9,9,5,10,5,11,7,7,4,10,9,10,5,7,3,12,11,4,10,12,10,6,11,9,2022
1611661329,Chicago Sky,36,26,10,0.722,1455.0,1176,2443,0.481,260,754,0.345,493,599,0.823,260,994,1254,874,531.0,261,155,123,584,595,3105,180.0,1,1,1,1,1,1,7,1,8,8,7,9,10,3,8,3,6,1,7,8,2,5,4,10,2,3,2022
1611661323,Connecticut Sun,36,25,11,0.694,1450.0,1147,2484,0.462,230,649,0.354,564,715,0.789,367,969,1336,758,562.0,318,97,132,615,680,3088,289.0,1,3,3,3,5,3,3,2,11,11,3,3,2,6,1,5,1,3,10,1,12,7,6,1,3,1,2022
1611661321,Dallas Wings,36,18,18,0.5,1445.0,1068,2456,0.435,279,813,0.343,571,747,0.764,344,873,1217,676,489.0,256,134,153,676,670,2986,7.0,1,6,6,6,9,7,6,8,5,5,8,2,1,11,3,10,8,10,3,10,7,11,9,2,4,6,2022
1611661325,Indiana Fever,36,5,31,0.139,1450.0,1021,2498,0.409,245,724,0.338,520,697,0.746,352,845,1197,649,593.0,258,129,152,719,648,2807,-399.0,1,12,12,12,5,12,2,12,10,9,9,6,5,12,2,11,10,11,12,9,9,10,12,5,12,12,2022
1611661319,Las Vegas Aces,36,26,10,0.722,1445.0,1163,2529,0.46,343,951,0.361,587,713,0.823,249,1023,1272,748,420.0,276,140,148,569,642,3256,229.0,1,1,1,1,9,2,1,3,2,3,2,1,3,2,11,1,4,4,1,5,6,9,2,8,1,2,2022
1611661320,Los Angeles Sparks,36,13,23,0.361,1445.0,1074,2409,0.446,195,609,0.32,517,658,0.786,250,844,1094,680,529.0,308,142,122,657,665,2860,-256.0,1,11,11,11,9,6,9,5,12,12,12,7,7,7,10,12,12,9,6,2,5,4,8,3,10,11,2022
1611661324,Minnesota Lynx,36,14,22,0.389,1450.0,1087,2414,0.45,246,707,0.348,548,699,0.784,323,1007,1330,743,559.0,220,102,142,610,643,2968,-53.0,1,9,9,9,5,5,8,4,9,10,6,4,4,8,4,2,2,6,9,11,11,8,5,7,6,7,2022
1611661313,New York Liberty,36,16,20,0.444,1455.0,1036,2402,0.431,349,995,0.351,445,541,0.823,251,981,1232,745,558.0,219,148,115,656,580,2866,-86.0,1,7,7,7,1,9,11,9,1,1,5,12,12,4,9,4,7,5,8,12,4,3,7,11,9,8,2022
1611661317,Phoenix Mercury,36,15,21,0.417,1455.0,1028,2395,0.429,316,961,0.329,548,671,0.817,246,876,1122,693,513.0,267,163,114,714,661,2920,-108.0,1,8,8,8,1,11,12,10,4,2,11,4,6,5,12,9,11,8,5,7,1,2,11,4,7,9,2022
1611661328,Seattle Storm,36,22,14,0.611,1445.0,1095,2478,0.442,333,922,0.361,447,542,0.825,280,928,1208,813,483.0,299,150,105,560,578,2970,148.0,1,4,4,4,9,4,4,6,3,4,1,11,11,1,7,8,9,2,2,3,3,1,1,12,5,5,2022
1611661322,Washington Mystics,36,22,14,0.611,1455.0,1055,2403,0.439,274,811,0.338,504,643,0.784,289,968,1257,729,494.0,274,133,130,572,628,2888,157.0,1,4,4,4,1,8,10,7,6,6,10,8,8,9,6,6,5,7,4,6,8,6,3,9,8,4,2022
1611661330,Atlanta Dream,40,19,21,0.475,1610.0,1176,2748,0.428,257,766,0.336,692,878,0.788,321,1123,1444,743,582.0,251,185,174,772,791,3301,-59.0,1,5,5,5,4,7,5,10,12,12,8,1,1,8,7,3,3,10,9,11,2,10,11,1,5,6,2023
1611661329,Chicago Sky,40,18,22,0.45,1610.0,1229,2783,0.442,330,888,0.372,481,640,0.752,343,990,1333,818,573.0,267,181,144,691,637,3269,-65.0,1,8,8,8,4,4,3,7,4,5,3,12,12,12,4,11,9,4,8,7,3,4,5,12,6,7,2023
1611661323,Connecticut Sun,40,27,13,0.675,1615.0,1206,2710,0.445,287,798,0.36,608,794,0.766,322,1022,1344,826,548.0,323,152,185,736,773,3307,148.0,1,3,3,3,1,6,8,3,6,9,4,5,3,11,6,8,8,3,3,2,8,11,7,2,4,3,2023
1611661321,Dallas Wings,40,22,18,0.55,1605.0,1295,2926,0.443,270,853,0.317,654,811,0.806,471,1076,1547,813,550.0,303,171,147,754,725,3514,118.0,1,4,4,4,7,2,1,5,8,6,12,2,2,5,1,4,1,5,4,5,6,5,10,4,3,4,2023
1611661325,Indiana Fever,40,13,27,0.325,1615.0,1207,2730,0.442,269,791,0.34,557,711,0.783,357,1004,1361,720,595.0,260,119,169,787,710,3240,-162.0,1,10,10,10,1,5,6,6,10,10,6,9,9,10,2,9,7,11,10,9,10,8,12,7,7,9,2023
1611661319,Las Vegas Aces,40,34,6,0.85,1600.0,1344,2767,0.486,371,996,0.372,654,779,0.84,246,1147,1393,868,470.0,321,191,115,638,695,3713,502.0,1,1,1,1,12,1,4,1,2,2,2,2,4,1,12,2,5,2,1,3,1,1,1,9,1,1,2023
1611661320,Los Angeles Sparks,40,17,23,0.425,1605.0,1136,2672,0.425,260,780,0.333,624,762,0.819,266,993,1259,760,551.0,339,114,195,676,732,3156,-65.0,1,9,9,9,7,10,11,11,11,11,9,4,5,4,9,10,11,9,5,1,11,12,4,3,10,7,2023
1611661324,Minnesota Lynx,40,19,21,0.475,1610.0,1174,2701,0.435,270,832,0.325,588,735,0.8,318,1052,1370,777,569.0,257,105,170,675,715,3206,-193.0,1,5,5,5,4,8,9,8,8,7,11,7,7,7,8,6,6,6,7,10,12,9,3,6,9,10,2023
1611661313,New York Liberty,40,32,8,0.8,1615.0,1286,2797,0.46,444,1187,0.374,553,667,0.829,347,1168,1515,965,568.0,266,178,139,640,687,3569,347.0,1,2,2,2,1,3,2,2,1,1,1,10,10,2,3,1,2,1,6,8,4,3,2,11,2,2,2023
1611661317,Phoenix Mercury,40,9,31,0.225,1605.0,1136,2558,0.444,271,827,0.328,521,649,0.803,264,971,1235,763,644.0,227,170,157,753,695,3064,-332.0,1,12,12,12,7,10,12,4,7,8,10,11,11,6,10,12,12,8,12,12,7,6,9,9,12,12,2023
1611661328,Seattle Storm,40,11,29,0.275,1605.0,1114,2718,0.41,340,968,0.351,585,744,0.786,329,1067,1396,706,616.0,279,178,162,717,703,3153,-225.0,1,11,11,11,7,12,7,12,3,3,5,8,6,9,5,5,4,12,11,6,4,7,6,8,11,11,2023
1611661322,Washington Mystics,40,19,21,0.475,1605.0,1156,2699,0.428,310,923,0.336,599,728,0.823,263,1028,1291,768,529.0,309,130,117,743,719,3221,-14.0,1,5,5,5,7,9,10,9,5,4,7,6,8,3,11,7,10,7,2,4,9,2,8,5,8,5,2023
1611661330,Atlanta Dream,40,15,25,0.375,1615.0,1112,2723,0.408,239,775,0.308,617,799,0.772,369,1075,1444,735,551.0,288,148,164,674,702,3080,-110.0,1,8,8,8,1,12,7,12,10,9,11,2,2,8,3,3,3,12,4,7,9,7,6,4,12,7,2024
1611661329,Chicago Sky,40,13,27,0.325,1600.0,1188,2813,0.422,193,597,0.323,527,710,0.742,434,1030,1464,759,571.0,280,151,231,761,681,3096,-205.0,1,10,10,10,11,7,3,11,12,12,9,10,8,12,1,7,1,11,8,10,8,12,12,8,11,10,2024
1611661323,Connecticut Sun,40,28,12,0.7,1610.0,1170,2637,0.444,235,719,0.327,629,835,0.753,334,1004,1338,796,533.0,326,146,183,645,725,3204,260.0,1,3,3,3,4,8,12,6,11,11,6,1,1,11,6,10,9,8,3,3,10,9,2,2,8,2,2024
1611661321,Dallas Wings,40,9,31,0.225,1615.0,1266,2841,0.446,250,767,0.326,586,746,0.786,419,971,1390,817,626.0,285,158,182,739,699,3368,-317.0,1,11,11,11,1,1,2,5,8,10,8,7,4,6,2,12,5,6,10,8,7,8,11,5,4,12,2024
1611661325,Indiana Fever,40,20,20,0.5,1605.0,1250,2741,0.456,368,1034,0.356,531,685,0.775,331,1071,1402,816,612.0,235,173,151,726,686,3399,-107.0,1,6,6,6,8,2,5,1,5,5,3,9,10,7,7,5,4,7,9,12,5,6,9,7,3,6,2024
1611661319,Las Vegas Aces,40,27,13,0.675,1605.0,1236,2725,0.454,376,1058,0.355,607,733,0.828,223,1141,1364,820,466.0,282,198,143,661,687,3455,219.0,1,4,4,4,8,4,6,2,4,3,4,3,6,2,12,1,8,5,1,9,2,4,5,6,1,4,2024
1611661320,Los Angeles Sparks,40,8,32,0.2,1605.0,1124,2655,0.423,289,902,0.32,599,783,0.765,294,1013,1307,787,639.0,292,129,204,715,721,3136,-289.0,1,12,12,12,8,11,10,10,7,7,10,5,3,10,9,9,10,10,11,5,12,11,8,3,10,11,2024
1611661324,Minnesota Lynx,40,30,10,0.75,1615.0,1205,2692,0.448,380,1000,0.38,489,619,0.79,297,1073,1370,921,570.0,343,168,146,654,626,3279,255.0,1,2,2,2,1,6,8,4,3,6,1,11,11,5,8,4,7,1,7,2,6,5,3,12,6,3,2024
1611661313,New York Liberty,40,32,8,0.8,1600.0,1230,2747,0.448,405,1160,0.349,559,687,0.814,338,1125,1463,911,553.0,316,179,127,615,674,3424,366.0,1,1,1,1,11,5,4,3,1,1,5,8,9,3,5,2,2,2,5,4,4,1,1,10,2,1,2024
1611661317,Phoenix Mercury,40,19,21,0.475,1610.0,1164,2652,0.439,341,1045,0.326,589,737,0.799,269,1024,1293,794,564.0,264,189,133,675,679,3258,-132.0,1,7,7,7,4,9,11,7,6,4,7,6,5,4,11,8,11,9,6,11,3,2,7,9,7,9,2024
1611661328,Seattle Storm,40,25,15,0.625,1610.0,1242,2852,0.435,242,840,0.288,603,718,0.84,346,1040,1386,826,523.0,372,206,183,660,656,3329,179.0,1,5,5,5,4,3,1,8,9,8,12,4,7,1,4,6,6,4,2,1,1,9,4,11,5,5,2024
1611661322,Washington Mystics,40,14,26,0.35,1610.0,1161,2681,0.433,389,1064,0.366,461,601,0.767,283,991,1274,863,642.0,291,137,135,737,727,3172,-119.0,1,9,9,9,4,10,9,9,2,2,2,12,12,9,10,11,12,3,12,6,11,3,10,1,9,8,2024
